ELE/MEC,EQUIPAMENTO,MARCA ,MODELO,RANGE,"UNIDADE
RANGE",COD INTERNO,SERIAL,DIVISÃO,PS,ENTRADA OF ET,SAÍDA/CAL,RETORNO CAL,ULTIMA CALIBRAÇÃO,CICLO CALIBRAÇÃO,PRÓXIMA CALIBRAÇÃO,VALIDADE CALIBRAÇÃO,CERTIFICADO  ,SITUAÇÃO,COMENTÁRIOS,CUSTO ESTIMADO,CUSTO CONTRAT (R$),PAGAMENTO,LOCAL CALIBRAÇÃO,item,CERTIFICADO 
ELE ,ANALISADOR DE ESPECTRO,ROHDE&SCHWARZ,FSL18,,,MAN-EXO-ATENA-004,102412,EXOCET,CMS 004/2025,08/21/24,08/22/24,09/16/24,09/13/24,12,09/13/25,DESCALIBRADO,certificado nº 2142090/2024,CMS,EM CALIBRACAO,"R$ 3,104.95","R$ 1,450.51",,CMS,,R101809Z/DEZ/2025 
ELE ,FONTE DC,SODILEC,DT 5V8A,,,,,EXOCET,,08/23/24,09/05/24,,,12,01/01/24,DESCALIBRADO,REPARO,CMASM ?,REPARO,,R$ 180.00,,MQT 129/2025,,
ELE ,FONTE DC,SODILEC,DT 5V8A,,,,,EXOCET,,08/23/24,09/05/24,,,12,01/01/24,DESCALIBRADO,REPARO,CMS ?,REPARO,R$ 905.02,R$ 180.00,,MQT 129/2025,,
ELE ,FONTE DC,SODILEC,600 2A - -  50V / 10A,,,,,EXOCET,,08/23/24,09/05/24,05/15/25,04/11/25,12,04/11/26,DESCALIBRADO,,CMASM ?,REPARO,R$ 905.02,R$ 180.00,,MQT 129/2025,,
ELE ,GERADOR DE FUNÇÕES,AGILENT,33220A,,,MAN-EXO-ATENA-001,MY44059326,EXOCET,,08/21/24,08/22/24,09/16/24,09/10/24,12,09/10/25,DESCALIBRADO,certificado nº 2142088/2024,CMASM,,"R$ 1,552.47",R$ 410.00,,MQT 129/2025,,
ELE ,GERADOR DE FUNÇÕES,KEYSIGHT,33220A,,,MAN-EXO-ATENA-001,MY44065414,EXOCET,CMS 007/2025,,,,,,01/01/24,DESCALIBRADO,,CMS,EM CALIBRACAO,,R$ 967.01,,CMS,,R101809Z/DEZ/2025 
ELE ,MULTÍMETRO,FLUKE,73,,,MAN-EXO-BCA-001,42520905,EXOCET,,01/17/25,01/30/25,05/15/25,04/11/25,12,04/11/26,DESCALIBRADO,certificado nº 2142141/2023,CMASM,,R$ 776.23,R$ 165.00,,MQT 129/2025,,
ELE ,MULTÍMETRO,FLUKE,179,,,MAN-EXO-BCA-004,25120143,EXOCET,,09/20/23,09/28/23,11/16/23,10/27/23,12,10/27/24,DESCALIBRADO,certificado nº 2142110/2023,CMASM,,R$ 560.75,R$ 165.00,,MQT 129/2025,,
ELE ,MULTÍMETRO,FLUKE,73,,,MAN-EXO-BCA-006,42520904,EXOCET,,01/17/25,01/30/25,06/04/25,05/21/25,12,05/21/26,DESCALIBRADO,certificado nº 2142098/2025,CMASM,,R$ 560.75,R$ 165.00,,MQT 129/2025,,
ELE ,MULTÍMETRO 6 DÍGITOS,AGILENT,34401A,"1000 VDC 
750 VAC
100 a 100M Ohm
0.01 a 3 ADC
1 a 3 AAC
Continuidade 
Diodo",,MAN-EXO-ATENA-002,MY47068300,EXOCET,,08/21/24,08/22/24,09/16/24,02/05/25,12,02/05/26,DESCALIBRADO,64435-B/2025,CMASM,,"R$ 1,164.35",R$ 967.01,,CMS,,
ELE ,MULTÍMETRO 6 DÍGITOS,KEYSIGHT,34401A,,,MAN-EXO-ATENA-002,MY53022546,EXOCET,CMS 006/2025,,,,,,01/01/24,DESCALIBRADO,,CMS,EM CALIBRACAO,,R$ 967.01,,CMS,,R101809Z/DEZ/2025 
ELE ,OHMÍMETRO,SEFELEC,MR46,,,MAN-EXO-ATENA,IEEE488,EXOCET,,,,,,,,,,,REPETIDO??,,R$ 456.00,,MQT 129/2025,,
ELE ,OHMÍMETRO,SEFELEC,MR46,,,MAN-EXO-ATENA-003,1528813,EXOCET,CMS 005/2025,10/24/24,10/31/24,11/25/24,11/12/24,12,11/12/25,DESCALIBRADO,falta certificADO,CMS,EM CALIBRACAO,R$ 270.00,R$ 967.00,,CMS,,R101809Z/DEZ/2025 
ELE ,OHMÍMETRO,AGI,1681A,,,MAN-EXO-BCA-005,MAG00729,EXOCET,MQT LT2 / 2026,10/24/24,10/31/24,11/25/24,11/12/24,12,11/12/25,DESCALIBRADO,falta certificADO,CMASM,,R$ 776.23,R$ 456.00,,MQT 129/2025,17,
ELE ,OSCILOSCÓPIO,TEKTRONIX,TDS210,,,MAN-EXO-BCA-002,B104582,EXOCET,,01/17/25,01/30/25,06/04/25,05/15/25,12,05/15/26,DESCALIBRADO,certificado nº 2142045/2025,CMASM,,R$ 747.66,R$ 475.00,,MQT 129/2025,,
ELE ,OSCILOSCÓPIO,TEKTRONIX,TBS1102B ,,,MAN-EXO-BCA-003,C032174,EXOCET,,01/17/25,01/30/25,06/04/25,05/12/25,12,05/12/26,DESCALIBRADO,certificado nº 2142046/2023,CMASM,,R$ 747.66,R$ 475.00,,MQT 129/2025,,
MEC,TORQUÍMETRO ,CMKP,1 - 4 dNm ,0.4,Nm,MAN-EXO-MEC-001,,EXOCET,MQT LT2 / 2026,,,,,12,01/01/24,DESCALIBRADO,0835/2022,CMASM,,R$ 100.00,R$ 70.00,,MQT 129/2025,35,
MEC,TORQUÍMETRO ,SAM,2 – 20 MdaN,200.0,Nm,MAN-EXO-MEC-014,8312,EXOCET,MQT LT2 / 2026,,,,,12,01/01/24,DESCALIBRADO,,CMASM,,R$ 100.00,R$ 70.00,,MQT 129/2025,35,
MEC,TORQUÍMETRO ,FALCOM,40 – 200 Nm S315 DA,265.0,Nm,MAN-EXO-MEC-015,S315DA,EXOCET,MQT LT2 / 2026,07/15/24,08/20/24,11/10/25,11/06/25,12,11/06/26,CALIBRADO,222199/24,CMASM,,R$ 100.00,R$ 70.00,,MQT 129/2025,35,
MEC,TORQUÍMETRO ,SAM,Sam – 20-200 Nm,200.0,Nm,MAN-EXO-MEC-016,27481,EXOCET,,09/16/24,09/18/24,10/16/24,10/02/24,12,10/02/25,DESCALIBRADO,1629/23,CMASM,,R$ 100.00,R$ 70.00,,MQT 129/2025,,
MEC,TORQUÍMETRO ,SAM,Sam - type II classe A - 5-25 Nm,25.0,Nm,MAN-EXO-MEC-017,193700110,EXOCET,,09/16/24,09/18/24,11/10/25,11/06/25,12,11/06/26,CALIBRADO,1628/23,CMASM,,R$ 100.00,R$ 70.00,,MQT 129/2025,,
MEC,TORQUÍMETRO ,FACOM,Facom - A-301 MT 15-75c nM,75.0,Nm,MAN-EXO-MEC-019,7090062,EXOCET,,09/16/24,09/18/24,11/10/25,11/06/25,12,11/06/26,CALIBRADO,1643/23,CMASM,,R$ 100.00,R$ 70.00,,MQT 129/2025,,
MEC,TORQUÍMETRO ,FACOM,Facom - A404 2-10 Nm,10.0,Nm,MAN-EXO-MEC-020,x030736,EXOCET,,"16/09/2024
",09/18/24,11/10/25,11/06/25,12,11/06/26,CALIBRADO,1642/23,CMASM,,R$ 100.00,R$ 70.00,,MQT 129/2025,,
MEC,TORQUÍMETRO ,FACOM,"Facom - A402 0,5-2,5Nm",2.5,Nm,MAN-EXO-MEC-021,v090567,EXOCET,,10/24/24,09/16/24,11/10/25,11/06/25,12,11/06/26,CALIBRADO,1635/23,CMASM,,R$ 100.00,R$ 70.00,,MQT 129/2025,,
MEC,TORQUÍMETRO ,FACOM,Facom - 20-100 Nm,100.0,Nm,MAN-EXO-MEC-022,y070411,EXOCET,MQT LT2 / 2026,09/16/24,09/18/24,10/16/24,09/16/24,12,09/16/25,DESCALIBRADO,1632/23,CMASM,,R$ 100.00,R$ 70.00,,MQT 129/2025,35,
MEC,TORQUÍMETRO ,FACOM,Facom - 20-100 Nm,100.0,Nm,MAN-EXO-MEC-023,y050048,EXOCET,MQT LT2 / 2026,09/16/24,09/18/24,10/16/24,09/16/24,12,09/16/25,DESCALIBRADO,1634/23,CMASM,,R$ 100.00,R$ 70.00,,MQT 129/2025,35,
MEC,TORQUÍMETRO ,FACOM,Facom - 5-25 Nm,25.0,Nm,MAN-EXO-MEC-024,y020215,EXOCET,,09/16/24,09/18/24,11/10/25,11/06/25,12,11/06/26,CALIBRADO,1631/23,CMASM,,R$ 100.00,R$ 70.00,,MQT 129/2025,,
MEC,TORQUÍMETRO ,FACOM,Facom - 1-5 Nm,5.0,Nm,MAN-EXO-MEC-025,y020171,EXOCET,,09/16/24,09/18/24,11/10/25,11/06/25,12,11/06/26,CALIBRADO,1639/23,CMASM,,R$ 100.00,R$ 70.00,,MQT 129/2025,,
MEC,TORQUÍMETRO ,FACOM,Facom - 2-10 Nm,10.0,Nm,MAN-EXO-MEC-026,y030048,EXOCET,,10/24/24,09/16/24,09/18/24,11/06/25,12,11/06/26,CALIBRADO,1630/23,CMASM,,R$ 100.00,R$ 70.00,,MQT 129/2025,,
MEC,TORQUÍMETRO ,FACOM,Facom - 4-2 daNm,200.0,Nm,MAN-EXO-MEC-027,x100188,EXOCET,,09/16/24,09/18/24,11/10/25,11/06/25,12,11/06/26,CALIBRADO,1640/23,CMASM,,R$ 100.00,R$ 70.00,,MQT 129/2025,,
MEC,TORQUÍMETRO ,FACOM,Facom – 1-10 Nm,10.0,Nm,MAN-EXO-MEC-028,Y110663,EXOCET,MQT LT2 / 2026,10/24/24,10/28/24,,11/13/23,12,11/13/24,DESCALIBRADO,1633/23,CMASM,VRF CALIBRADO 2026,R$ 100.00,R$ 70.00,,MQT 129/2025,35,1417/26
MEC,TORQUÍMETRO ,SAM,,,,,,EXOCET,MQT LT2 / 2026,09/16/24,09/18/24,10/16/24,09/16/24,12,09/16/25,DESCALIBRADO,,CMASM,,,R$ 70.00,,MQT 129/2025,35,
ELE ,ANALISADOR DE SEGURANÇA,GW INSTEK,GPT-9802,"0.1...5kV AC, 0.1...6kV DC",,CMASM-IDE-F21-001,GEU212321,F-21,CMS 2026,08/23/24,09/16/24,10/30/24,10/22/24,12,10/22/25,DESCALIBRADO,,CMASM,,"R$ 3,104.95",R$ 967.01,,CMS,,
MEC,CONTROLADOR DE PRESSÃO,MENSOR,CPC3000,"1 a 100 bar
15 a 1 500 psi","bar
Psi",CMASM-IDE-F21-002,410009GB,F-21,visomes lt2/2026,08/23/24,11/25/24,,06/27/23,12,06/27/24,DESCALIBRADO,certificado nº P-0603/2023,CMASM,,R$ 550.00,R$ 550.00,,VISOMES 229/2025,,
ELE ,DIFFERENTIAL PROBE ,TESTEC,TT-SI 9001,"±1000 V AC 
1400 V AC/DC 
100 MHz",,CMASM-IDE-F21-003,1805707,F-21,,03/05/24,03/05/24,03/14/24,03/12/24,24,03/12/26,DESCALIBRADO,certificado nº 2142016/2024,CMASM,,R$ 373.83,R$ 322.00,,MQT 129/2025,,
MEC,DINAMÔMETRO DIGITAL,YALE,TMC 1500,"1,500.00",KG,CMASM-IDM-F21-001,100614139,F-21,MQT LT1.2026,12/15/25,12/15/25,01/23/26,01/05/26,12,01/05/27,CALIBRADO,MQT31199/24 ,CMASM,,R$ 84.33,R$ 228.00,,MQT 129/2025,,
ELE ,FONTE DC,AMETEK ,XG 300-2.8,"0-300V , 0-2.8A ,850W",,CMASM-IDE-F21-004,1524A03449,F-21,MQT LT2 / 2026,12/15/25,12/15/25,01/23/26,01/07/26,12,01/07/27,SEM CONDICOES DE USO,certificado nº 2142107/2024 ,CMASM,,,R$ 350.00,,MQT 129/2025,10,
ELE ,FONTE DC,BK PRECISION,BK9801,"    Output Voltage: 0-300V
    Output Current: 3.0A at 0-150V , 1.5A at 0-300V
    Max Power: 300VA",,CMASM-IDE-F21-005,461F17128,F-21,MQT LT2 / 2026,05/03/23,05/03/23,05/18/23,06/30/25,12,06/30/26,CALIBRADO,certificado nº 2142034/2023,CMASM,,"R$ 1,000.56",R$ 180.00,,MQT 129/2025,9,
ELE ,FONTE DC,TDK-LAMBDA ,Z1020 LAN,10 V /  20 A ,,CMASM-IDE-F21-006,EAY-849A001-0001,F-21,MQT LT2 / 2026,05/03/23,05/03/23,05/18/23,06/30/25,12,06/30/26,CALIBRADO,certificado nº 2142033/2023,CMASM,,"R$ 1,000.56",R$ 180.00,,MQT 129/2025,9,
ELE ,FONTE DC,TDK-LAMBDA,GENH30-25 LAN,30 V /  25 A,,CMASM-IDE-F21-007,LOC-843A174-0001,F-21,MQT LT2 / 2026,05/03/23,05/03/23,05/18/23,06/30/25,12,06/30/26,CALIBRADO,certificado nº 2142032/2023,CMASM,,"R$ 1,000.56",R$ 180.00,,MQT 129/2025,9,
ELE ,FONTE DC,TDK-LAMBDA,GENH300-2.5 LAN,300 V /  2.5 A,,CMASM-IDE-F21-008,LOC-846A105-0001,F-21,MQT LT2 / 2026,05/03/23,05/03/23,05/18/23,06/30/25,12,06/30/26,CALIBRADO,certificado nº 2142031/2023,CMASM,,"R$ 1,000.56",R$ 180.00,,MQT 129/2025,9,
ELE ,FONTE DC,AMETEK ,SGA-600625D-1D-AA,,,CMASM-IDE-F21-009,1649A00605,F-21,,,,,26/01/21,12,01/26/22,DESCALIBRADO,,CMASM,VRF PSB CALIBRAÇÃO POR EMPRESA COMUM,R$ 560.75,R$ 180.00,,"EMPRESA 
AUTORIZADA AMETEK",,
MEC,MANÔMETRO ANALÓGICO,,PRESSURE REGULATOR,,,CMASM-IDM-F21-002,G218315,F-21,,,,,08/07/20,24,08/07/22,DESCALIBRADO,,CMASM,,R$ 90.00,R$ 65.00,,MQT 129/2025,,
MEC,MANÔMETRO ANALÓGICO,,ANALOGIC MANOMETER 0 TO 400 BARS,400.00,Bar,CMASM-IDM-F21-003,S/N,F-21,,,,,,12,01/01/24,DESCALIBRADO,,CMASM,,R$ 90.00,R$ 65.00,,MQT 129/2025,,
MEC,MANÔMETRO DIGITAL,,PRESSURE SWITCH SETTING TOOL (ART_0000016319) (WIKA CPH6300 (READER) + CPT6200 (SENSOR)),,,CMASM-IDM-F21-007,F301900002,F-21,MQT LT1.2026,12/15/25,12/15/25,01/23/26,01/05/26,12,01/05/27,CALIBRADO,CMASM-IDM-F21-00703/10/24,CMASM,,R$ 84.33,R$ 70.00,,MQT 129/2025,,
MEC,"MANÔMETRO DIGITAL
 IN LOCO",AOIP,"PRESSURE SENSOR (ART_0000019066) – P2
AIOP-IT (0-6 bar)",6.00,Bar,CMASM-IDM-F21-004,0025A,F-21,BACS 2026-01,---,----,----,06/29/23,12,06/29/24,DESCALIBRADO,certificado P-005895,CMASM,Calibração deve ser realizada in loco. ,"R$ 1,058.44",R$ 0.00,,BACS,,
MEC,"MANÔMETRO DIGITAL
 IN LOCO",AOIP,"PRESSURE SENSOR (ART_0000019066) – P1
AIOP-IT (0-6 bar)",6.00,Bar,CMASM-IDM-F21-005,0045A,F-21,BACS 2026-02,---,----,----,06/29/23,12,06/29/24,DESCALIBRADO,certificado P-005894,CMASM,Calibração deve ser realizada in loco. ,"R$ 1,058.44",R$ 0.00,,BACS,,
MEC,"MANÔMETRO DIGITAL
 IN LOCO",AOIP,"PRESSURE SENSOR (ART_0000019066) – VÁCUO
AIOP-IT (0-1,6 bar)",1.60,Bar,CMASM-IDM-F21-006,0049A,F-21,BACS 2026-03,---,----,----,06/29/23,12,06/29/24,DESCALIBRADO,certificado P-005896,CMASM,Calibração deve ser realizada in loco. ,"R$ 1,058.44",R$ 0.00,,BACS,,
ELE,MANOMETRO DIGITAL ( PRESSURE SWITCH WIKA ),CPH6300,WIKA,,,CMASM-IDM-F21-0???,,F-21,,,,,,,,,,,MQT LOTE2026.01,,,,MQT 129/2025,,
ELE ,MEGÔHMETRO,SEFELEC,MXS500,50KΩ - 200GΩ,Ω,CMASM-IDE-F21-010,72233,F-21,MQT LT2 / 2026,05/09/23,05/10/23,05/18/23,06/28/23,12,06/28/24,DESCALIBRADO,certificado nº E-0422/2023,CMASM,,R$ 150.00,R$ 260.00,,MQT 129/2025,13,
ELE ,MEGÔHMETRO,FLUKE,1507,"0,01 MΩ -10 GΩ",Ω,CMASM-IDE-F21-011,48630167,F-21,MQT LT1.2026,12/15/25,12/15/25,01/23/26,01/05/26,12,01/05/27,CALIBRADO,MQT31184/24,CMASM,,R$ 373.83,R$ 260.00,,MQT 129/2025,,
ELE ,MEGÔHMETRO,CHAUVIN ARNOUX ,CA 6541, resistance: 0.01 Ω to 400 kΩ continuity: 0.01Ω to +40 Ω,,CMASM-IDE-F21-012,165549RJH,F-21,MQT LT2 / 2026,10/11/23,10/16/23,10/23/23,10/17/23,12,10/17/24,DESCALIBRADO,certificado nº 2142103/2023 ,CMASM,,R$ 373.83,R$ 260.00,,MQT 129/2025,13,
MEC,MICROMETRO DE PROFUNDIDADE,FACOM,806.F,0.01,mm,CMASM-IDM-F21-008,180181191,F-21,MQT LT1.2026,12/15/25,12/15/25,01/23/26,01/05/26,12,01/05/27,CALIBRADO,MQT31051/24,CMASM,,R$ 84.33,R$ 85.00,,MQT 129/2025,,
MEC,MICROMETRO DE PROFUNDIDADE,FACOM,806.F,0.01,mm,CMASM-IDM-F21-009,180181221,F-21,MQT LT1.2026,12/15/25,12/15/25,01/23/26,01/05/26,12,01/05/27,CALIBRADO,MQT31050/24,CMASM,,R$ 84.33,R$ 85.00,,MQT 129/2025,,
MEC,MICROMETRO DE PROFUNDIDADE,FACOM,806.F,0.01,mm,CMASM-IDM-F21-010,191085777,F-21,MQT LT2 / 2026,,,,02/10/25,12,02/10/26,DESCALIBRADO,1630-24 ,CMASM,,R$ 84.33,R$ 85.00,,MQT 129/2025,31,
MEC,MICROMETRO DE PROFUNDIDADE,FACOM,806.F,0.01,mm,CMASM-IDM-F21-011,191085779,F-21,MQT LT2 / 2026,,,,02/10/25,12,02/10/26,DESCALIBRADO,MQT4126/25,CMASM,,R$ 84.33,R$ 85.00,,MQT 129/2025,31,
ELE ,MULTÍMETRO,FACOM,711B,,,CMASM-IDE-F21-013,2019W450661,F-21,MQT LT2 / 2026,08/23/24,09/05/24,01/31/25,12/12/24,12,12/12/25,DESCALIBRADO,certificado nº 2142109/2024,CMASM,,"R$ 1,164.35",R$ 165.00,,MQT 129/2025,14,
ELE ,MULTÍMETRO,FACOM,711B,,,CMASM-IDE-F21-014,2019W450803,F-21,,,,,,12,01/01/24,DESCALIBRADO,,CMASM,,R$ 776.23,R$ 165.00,,MQT 129/2025,,
ELE ,MULTÍMETRO,FACOM,711B,,,CMASM-IDE-F21-015,2019W460729,F-21,MQT LT1.2026,12/15/25,12/15/25,01/23/26,01/05/26,12,01/05/27,CALIBRADO,certificado nº 2142093/2023,CMASM,,R$ 776.23,R$ 165.00,,MQT 129/2025,,
ELE ,MULTÍMETRO,FACOM,711B,,,CMASM-IDE-F21-016,2020W020473,F-21,,,,,,12,01/01/24,DESCALIBRADO,,CMASM,,R$ 776.23,R$ 165.00,,MQT 129/2025,,
ELE ,MULTÍMETRO,FLUKE,17B+,,,CMASM-IDE-F21-017,48412868WS,F-21,MQT LT1.2026,12/15/25,12/15/25,01/23/26,01/05/26,12,01/05/27,CALIBRADO,certificado nº 2142044/2023,CMASM,,R$ 667.04,R$ 165.00,,MQT 129/2025,,
ELE ,MULTÍMETRO,FLUKE,17B+,,,CMASM-IDE-F21-018,51180543WS,F-21,MQT LT2 / 2026,08/23/24,09/05/24,02/17/25,02/04/25,12,02/04/26,DESCALIBRADO,certificado nº 2142004/2025,CMASM,,R$ 776.23,R$ 165.00,,MQT 129/2025,14,
ELE ,MULTÍMETRO,FLUKE,17B+,,,CMASM-IDE-F21-019,51180565WS,F-21,MQT LT1.2026,12/15/25,12/15/25,01/23/26,01/05/26,12,01/05/27,CALIBRADO,,CMASM,,R$ 776.23,R$ 165.00,,MQT 129/2025,,
ELE ,"MULTÍMETRO
PROPRIETÁRIO NI",NATIONAL INSTRUMENTS ,PXIE-4080,,,CMASM-IDE-F21-020,01CE4764,F-21,,12/05/24,,,08/03/20,24,08/03/22,DESCALIBRADO,,CMASM,,R$ 560.75,R$ 0.00,,CMS,,
ELE ,MULTÍMETRO 6 DÍGITOS,KEYSIGHT,34461A,,,CMASM-IDE-F21-021,MY53208356,F-21,CMS 2026,05/09/23,05/10/23,05/18/23,05/12/23,12,05/12/24,DESCALIBRADO,certificado nº 2142036/2023,CMASM,,R$ 667.04,R$ 967.01,,CMS,,
ELE ,MULTÍMETRO 6 DÍGITOS,KEYSIGHT,34461A,"1000 VDC 
750 VAC
100 a 100M Ohm
0.01 a 3 ADC
1 a 3 AAC
Continuidade 
Diodo",,CMASM-IDE-F21-022,MY57211490,F-21,CMS 2026,05/03/23,05/03/23,05/18/23,06/30/25,12,06/30/26,CALIBRADO,certificado nº 2142037/2023,CMASM,,R$ 667.04,R$ 967.01,,CMS,,
ELE ,OHMÍMETRO,AOIP,RN5306,,,CMASM-IDE-F21-023,2811NE080117A,F-21,MQT LT1.2026,12/15/25,12/15/25,01/23/26,01/05/26,12,01/05/27,CALIBRADO,certificado nº 2142089/2023 ,CMASM,,R$ 84.33,R$ 456.00,,MQT 129/2025,,
ELE ,OHMÍMETRO,AOIP,RN5306,,,CMASM-IDE-F21-024,2811NE080141A,F-21,MQT LT2 / 2026,,,,,12,01/01/24,DESCALIBRADO,REPARO,CMASM,,R$ 776.23,R$ 456.00,,MQT 129/2025,17,
ELE ,OHMÍMETRO,AOIP,RN5306,,,CMASM-IDE-F21-025,2811NE080144A,F-21,MQT LT2 / 2026,08/23/24,09/05/24,02/17/25,02/11/25,12,02/11/26,DESCALIBRADO,certificado nº 2142012/2025 ,CMASM,,R$ 776.23,R$ 456.00,,MQT 129/2025,17,
ELE ,OHMÍMETRO,AOIP,IND43,,,CMASM-IDE-F21-026,4602VC370001D,F-21,,05/09/23,05/10/23,05/18/23,06/28/23,12,06/28/24,DESCALIBRADO,certificado nº E-0424/2023,CMASM,,R$ 150.00,R$ 456.00,,MQT 129/2025,,
ELE ,OPTICAL POWER METER,NOYES,OPM1-2C,,,CMASM-IDE-F21-027,G218734,F-21,,,,,09/01/21,12,09/01/22,DESCALIBRADO,,CMASM,,R$ 747.66,,,DESERTO,,
ELE ,"OSCILOSCÓPIO PXI 
PROPRIETÁRIO NI",NATIONAL INSTRUMENTS,NI-PXI-5122,,,CMASM-IDE-F21-028,01B7B0CB,F-21,,12/05/24,,,09/27/22,24,09/27/24,DESCALIBRADO,,CMASM,,R$ 776.23,,,DESERTO,,
MEC,PAQUÍMETRO ,,PAQUÍMETRO (805.1),,,CMASM-IDM-F21-012,X120314,F-21,MQT LT2 / 2026,12/15/25,12/15/25,01/23/26,01/05/26,12,01/05/27,CALIBRADO,falta certificado ,CMASM,,R$ 84.33,R$ 45.00,,MQT 129/2025,45,
MEC,PAQUÍMETRO ,,PAQUÍMETRO (805.1),,,CMASM-IDM-F21-013,X120317,F-21,,08/23/24,09/16/24,10/30/24,10/22/24,12,10/22/25,DESCALIBRADO,falta certificado ,CMASM,,R$ 84.33,R$ 45.00,,MQT 129/2025,,
MEC,PAQUÍMETRO ,,PAQUÍMETRO (805.1),,,CMASM-IDM-F21-014,X120377,F-21,MQT LT1.2026,12/15/25,12/15/25,01/23/26,01/05/26,12,01/05/27,CALIBRADO,,CMASM,,R$ 84.33,R$ 45.00,,MQT 129/2025,,
MEC,PAQUÍMETRO ,,PAQUÍMETRO (805.1),,,CMASM-IDM-F21-015,X120381,F-21,MQT LT2 / 2026,07/15/24,09/16/24,10/30/24,10/22/24,12,10/22/25,DESCALIBRADO,falta certificado ,CMASM,,R$ 84.33,R$ 45.00,,MQT 129/2025,45,
ELE ,REFLECTÔMETRO,EXFO,OPTICAL REFLECTOMETER EXFO FTB2 CONFIGURED WITH OTDR FTBX-735C-SM1-EA,,,CMASM-IDE-F21-033,1179658,F-21,,,,,,12,01/01/24,DESCALIBRADO,,CMASM,,,,,DESERTO,,
ELE ,TERMOHIGROMETRO,OMEGA,HH314A,"0-50 °C
0 a 100% UR",°C,CMASM-IDE-F21-034,171101511,F-21,MQT LT1.2026,12/15/25,12/15/25,01/23/26,01/05/26,12,01/05/27,CALIBRADO,CMASM-IDE-F21-03404/10/24,CMASM,,R$ 84.33,,,MQT 129/2025,,
MEC,TORQUÍMETRO ,TEC50,T 5-50 NM ,50.00,Nm,CMASM-IDM-F21-0???,,F-21,,,,,,,,,,,MQT LOTE2026.01,,R$ 70.00,,MQT 129/2025,,
MEC,TORQUÍMETRO ,,"TORQUÍMETRO TIPO RELÓGIO 3/8”  0-3,5 NM",3.50,Nm,CMASM-IDM-F21-016,10516,F-21,MQT LT2 / 2026,12/15/25,12/15/25,01/23/26,01/05/26,12,01/05/27,CALIBRADO,C30650/25 ,CMASM,,R$ 100.00,R$ 70.00,,MQT 129/2025,,
MEC,TORQUÍMETRO ,,"TORQUÍMETRO RELÓGIO 3/8” 0-3,5 NM",3.50,Nm,CMASM-IDM-F21-017,11719,F-21,MQT LT2 / 2026,,,,02/05/25,12,02/05/26,DESCALIBRADO,C30659/25,CMASM,,R$ 100.00,R$ 70.00,,MQT 129/2025,35,
MEC,TORQUÍMETRO ,,TORQUÍMETRO 3/8” 1-5 N.M,5.00,Nm,CMASM-IDM-F21-018,200050002,F-21,MQT LT2 / 2026,,,,05/02.2025,12,02/05/26,DESCALIBRADO,C30691/25,CMASM,,R$ 100.00,R$ 70.00,,MQT 129/2025,35,
MEC,TORQUÍMETRO ,,TORQUÍMETRO 3/8” 1-6 NM ,6.00,Nm,CMASM-IDM-F21-019,200060005,F-21,MQT LT2 / 2026,,,,02/05/25,12,02/05/26,DESCALIBRADO,C30672/25,CMASM,,R$ 100.00,R$ 70.00,,MQT 129/2025,35,
MEC,TORQUÍMETRO ,,TORQUÍMETRO 3/8”   2-10 NM ,10.00,Nm,CMASM-IDM-F21-020,200100004,F-21,MQT LT2 / 2026,,,,02/05/25,12,02/05/26,DESCALIBRADO,C30712/25,CMASM,,R$ 100.00,R$ 70.00,,MQT 129/2025,35,
MEC,TORQUÍMETRO ,,TORQUÍMETRO 3/8” 5-50 NM,50.00,Nm,CMASM-IDM-F21-021,200500038,F-21,MQT LT1.2026,12/15/25,12/15/25,01/23/26,01/05/26,12,01/05/27,CALIBRADO,,CMASM,,R$ 100.00,R$ 70.00,,MQT 129/2025,,
MEC,TORQUÍMETRO ,,TORQUÍMETRO  3/8” 5-50 N.M ,50.00,Nm,CMASM-IDM-F21-022,200500300,F-21,MQT LT2 / 2026,,,,05/02.2025,12,02/05/26,DESCALIBRADO,,CMASM,,R$ 100.00,R$ 70.00,,MQT 129/2025,35,
MEC,TORQUÍMETRO ,,TORQUÍMETRO  3/8” 5-50 N.M ,50.00,Nm,CMASM-IDM-F21-023,200500303,F-21,MQT LT2 / 2026,,,,,12,01/01/24,DESCALIBRADO,,CMASM,,R$ 100.00,R$ 70.00,,MQT 129/2025,35,
MEC,TORQUÍMETRO ,,TORQUÍMETRO 3/8”  5-50 NM ,50.00,Nm,CMASM-IDM-F21-024,2,F-21,,,,,02/05/25,12,02/05/26,DESCALIBRADO,C30667/25,CMASM,,R$ 100.00,R$ 70.00,,MQT 129/2025,,
MEC,TORQUÍMETRO ,,TORQUÍMETRO 3/8”  5-50 NM ,50.00,Nm,CMASM-IDM-F21-025,200500737,F-21,,07/15/24,08/20/24,08/12/24,07/24/24,12,07/24/25,DESCALIBRADO, 214021/24,CMASM,,R$ 100.00,R$ 70.00,,MQT 129/2025,,
MEC,TORQUÍMETRO ,,TORQUÍMETRO 3/8” 2-10 N.M,10.00,Nm,CMASM-IDM-F21-026,200100001,F-21,,07/15/24,08/20/24,08/12/24,07/24/24,12,07/24/25,DESCALIBRADO,214898/24,CMASM,,R$ 100.00,R$ 70.00,,MQT 129/2025,,
MEC,TORQUÍMETRO ,,TORQUE METER (20-240 NMN),0.24,Nm,CMASM-IDM-F21-027,G218732,F-21,MQT LT2 / 2026,,,,09/01/20,24,09/01/22,DESCALIBRADO,,CMASM,,R$ 100.00,R$ 70.00,,MQT 129/2025,35,
MEC,TORQUÍMETRO ,,TORQUE METER (5-60 NMN),0.06,Nm,CMASM-IDM-F21-028,G218733,F-21,MQT LT2 / 2026,,,,09/01/20,24,09/01/22,DESCALIBRADO,,CMASM,,R$ 100.00,R$ 70.00,,MQT 129/2025,35,
MEC,TORQUÍMETRO ,,"TORQUÍMETRO 0,5 NM A 2,5 NM (A.402)",2.50,Nm,CMASM-IDM-F21-029, Y040207,F-21,,07/15/24,08/20/24,08/12/24,02/08/24,12,08/02/25,DESCALIBRADO,296050/24,CMASM,,R$ 100.00,R$ 70.00,,MQT 129/2025,,
MEC,TORQUÍMETRO ,,"TORQUÍMETRO 0,5 NM A 2,5 NM (A.402)",2.50,Nm,CMASM-IDM-F21-029,Y010082 ,F-21,,07/15/24,08/20/24,08/12/24,02/08/27,12,08/02/28,CALIBRADO,217206/24,CMASM,,R$ 100.00,R$ 70.00,,MQT 129/2025,,
MEC,TORQUÍMETRO ,,TORQUÍMETRO 2 NM A 10 NM (A.404),10.00,Nm,CMASM-IDM-F21-030,Y020384,F-21,,07/15/24,08/20/24,08/12/24,02/08/24,12,08/02/25,DESCALIBRADO,217217/24,CMASM,,R$ 100.00,R$ 70.00,,MQT 129/2025,,
MEC,TORQUÍMETRO ,,TORQUÍMETRO 2 NM A 10 NM (A.404),10.00,Nm,CMASM-IDM-F21-031,Y020385,F-21,MQT LT1.2026,12/15/25,12/15/25,01/23/26,01/05/26,12,01/05/27,CALIBRADO,217149/24,CMASM,,R$ 100.00,R$ 70.00,,MQT 129/2025,,
MEC,TORQUÍMETRO ,,TORQUÍMETRO 2 NM A 10 NM (A.404),10.00,Nm,CMASM-IDM-F21-032,Y020490,F-21,,07/15/24,08/20/24,08/12/24,02/08/24,12,08/02/25,DESCALIBRADO,217185/24,CMASM,,R$ 100.00,R$ 70.00,,MQT 129/2025,,
MEC,TORQUÍMETRO ,,TORQUÍMETRO 2 NM A 10 NM (A.404),10.00,Nm,CMASM-IDM-F21-033,Y020565,F-21,,07/15/24,08/20/24,03/24/25,02/08/25,12,08/02/26,CALIBRADO,296048/24,CMASM,,R$ 100.00,R$ 70.00,,MQT 129/2025,,
MEC,TORQUÍMETRO ,,TORQUÍMETRO 10 NM A 50 NM (J.208-50),50.00,Nm,CMASM-IDM-F21-034,Y030893,F-21,MQT LT2 / 2026,,10/20/24,03/24/25,05/02/25,12,02/05/26,DESCALIBRADO,C30687/25,CMASM,,R$ 100.00,R$ 70.00,,MQT 129/2025,35,
MEC,TORQUÍMETRO ,,TORQUÍMETRO 10 NM A 50 NM (J.208-50),50.00,Nm,CMASM-IDM-F21-035,Y030895,F-21,,07/15/24,08/20/24,08/12/24,07/24/24,12,07/24/25,DESCALIBRADO,213971/24,CMASM,,R$ 100.00,R$ 70.00,,MQT 129/2025,,
MEC,TORQUÍMETRO ,,TORQUÍMETRO 10 NM A 50 NM (J.208-50),50.00,Nm,CMASM-IDM-F21-036,Y030900,F-21,,07/15/24,08/20/24,08/12/24,24/07/24,12,07/24/25,DESCALIBRADO,213979/24,CMASM,,R$ 100.00,R$ 70.00,,MQT 129/2025,,
MEC,TORQUÍMETRO ,,TORQUÍMETRO 10 NM A 50 NM (J.208-50),50.00,Nm,CMASM-IDM-F21-037,Y030902,F-21,,07/15/24,08/20/24,08/12/24,24/07/24,12,07/24/25,DESCALIBRADO,213986/24,CMASM,,R$ 100.00,R$ 70.00,,MQT 129/2025,,
MEC,TORQUÍMETRO ,,TORQUÍMETRO 5 NM A 25 NM (R.306-25D),25.00,Nm,CMASM-IDM-F21-038,Y040130,F-21,,07/15/24,08/20/24,08/12/24,07/25/24,12,07/25/25,DESCALIBRADO,217035/24,CMASM,,R$ 100.00,R$ 70.00,,MQT 129/2025,,
MEC,TORQUÍMETRO ,,TORQUÍMETRO 5 NM A 25 NM (R.306-25D),25.00,Nm,CMASM-IDM-F21-039,Y040131,F-21,MQT LT2 / 2026,,,,,12,01/01/24,DESCALIBRADO,,CMASM,,R$ 100.00,R$ 70.00,,MQT 129/2025,35,
MEC,TORQUÍMETRO ,,TORQUÍMETRO 5 NM A 25 NM (R.306-25D),25.00,Nm,CMASM-IDM-F21-040,Y040156,F-21,MQT LT2 / 2026,,,,02/05/25,12,02/05/26,DESCALIBRADO,C30715/25,CMASM,,R$ 100.00,R$ 70.00,,MQT 129/2025,35,
MEC,TORQUÍMETRO ,,TORQUÍMETRO 5 NM A 25 NM (R.306-25D),25.00,Nm,CMASM-IDM-F21-041,Y040160,F-21,,07/15/24,08/20/24,08/12/24,07/24/24,12,07/24/25,DESCALIBRADO,213925/24,CMASM,,R$ 100.00,R$ 70.00,,MQT 129/2025,,
MEC,TORQUÍMETRO ,,"TORQUÍMETRO 0,5 NM A 2,5 NM (A.402)",2.50,Nm,CMASM-IDM-F21-042,Y040189,F-21,,07/15/24,08/20/24,08/12/24,02/08/24,12,08/02/25,DESCALIBRADO,217197/24,CMASM,,R$ 100.00,R$ 70.00,,MQT 129/2025,,
MEC,TORQUÍMETRO ,,"TORQUÍMETRO 0,5 NM A 2,5 NM (A.402)",2.50,Nm,CMASM-IDM-F21-043,Y040190,F-21,MQT LT2 / 2026,05/02/24,12/15/25,03/24/25,02/05/25,12,02/05/26,DESCALIBRADO,C30639/25,CMASM,,R$ 100.00,R$ 70.00,,MQT 129/2025,35,
,TORQUÍMETRO ,,TORQUÍMETRO 5-50 NM   TEC50,,,CMASM-IDM-F21,,F-21,,,,,,,,,,,,,R$ 70.00,,MQT 129/2025,,
MEC,MANÔMETRO ANALÓGICO,,FAMABRAS 0 – 3 kgf/cm2,3,kgf/cm²,CMASM-IDM-MBF-001,PI 15976-01,MINAS E BOMBAS,MQT LT2 / 2026,10/09/23,10/25/23,01/29/24,01/24/24,24,01/24/26,DESCALIBRADO,P-006396,CMASM,,R$ 90.00,R$ 65.00,,MQT 129/2025,26,
MEC,MANÔMETRO ANALÓGICO,,FAMABRAS 0 – 30 kgf/cm2,30,kgf/cm²,CMASM-IDM-MBF-002,PI 15976-02,MINAS E BOMBAS,MQT LT2 / 2026,10/09/23,10/25/23,01/29/24,01/24/24,24,01/24/26,DESCALIBRADO,P-006397,CMASM,,R$ 90.00,R$ 65.00,,MQT 129/2025,26,
ELE ,MULTÍMETRO,FLUKE,77DMM,,,CMASM-IDE-MBF-001,37661759,MINAS E BOMBAS,LT2.MAI2026,07/20/23,08/02/23,11/16/23,11/09/23,12,11/09/24,DESCALIBRADO,certificado nº 2142113/2023,CMASM,,R$ 776.23,R$ 165.00,,MQT 129/2025,,
MEC,TORQUÍMETRO ,TORQ,1 a 7 kgf ,68.0,Nm,CMASM-IDM-MBF-003,,MINAS E BOMBAS,,07/15/24,,08/12/24,08/02/24,24,08/02/26,CALIBRADO,222195/24,CMASM,,R$ 100.00,R$ 70.00,,MQT 129/2025,,
ELE ,FONTE DC,HP,6255A,,,CMASM-IDE-MIS-001,2625A-08580,MISTRAL,,09/04/24,09/05/24,01/31/25,12/18/24,12,12/18/25,DESCALIBRADO,certificado nº 2142110/2024,cms,,R$ 560.75,R$ 180.00,,MQT 129/2025,,
ELE ,MULTÍMETRO 6 DÍGITOS,KEYSIGHT,34461A,"1000 VDC 
750 VAC
100 a 100M Ohm
0.01 a 3 ADC
1 a 3 AAC
Continuidade 
Diodo",,CMASM-IDE-MIS-002,US36096717,MISTRAL,,,,,10/05/17,12,10/05/18,DESCALIBRADO,REPARO,CMS,"Enviado para calibração em 24/01/22
PS39/2021 –  CMS
[23JAN2024] CMS: AGU obtenção componentes",R$ 776.23,R$ 0.00,,CMS,,
MEC,TORQUÍMETRO ,UTICA,TCI-150,17.0,Nm,CMASM-IDM-MIS-001,44030109,MISTRAL,LT2.MAI2026,07/15/24,,08/12/24,08/02/24,12,08/02/25,DESCALIBRADO,222148/24,CMASM,ENTREGUE ET 27MAI,R$ 100.00,R$ 70.00,,MQT 129/2025,,
MEC,TORQUÍMETRO ,FACOM,"0,8M DAN",8.0,Nm,CMASM-IDM-MIS-002,1011775G00,MISTRAL,LT2.MAI2026,07/15/24,,08/12/24,08/02/24,12,08/02/25,DESCALIBRADO,221095/24,CMASM,ENTREGUE ET 27MAI,R$ 100.00,R$ 70.00,,MQT 129/2025,,
MEC,TORQUÍMETRO ,TORQUELEADER,"1,7M DAN",17.0,Nm,CMASM-IDM-MIS-003,1028199S00,MISTRAL,LT2.MAI2026,07/15/24,,08/12/24,08/02/24,12,08/02/25,DESCALIBRADO,222168/24,CMASM,ENTREGUE ET 27MAI,R$ 100.00,R$ 70.00,,MQT 129/2025,,
ELE ,CONTADOR, ASTRONICS,2461-CD,,,CMASM-IDE-T46-001,12123920,MK-46,MQT LT2 / 2026,12/05/24,03/25/25,,,12,01/01/24,DESCALIBRADO,,CMASM,,"R$ 1,552.47",R$ 450.00,,MQT 129/2025,5,
ELE ,CONTADOR, ASTRONICS,2461-CD,,,CMASM-IDE-T46-002,13010358,MK-46,MQT LT2 / 2026,12/05/24,03/25/25,,,12,01/01/24,DESCALIBRADO,,CMASM,,"R$ 1,552.47",R$ 450.00,,MQT 129/2025,5,
ELE ,CONTADOR, ASTRONICS,2461-CD,,,CMASM-IDE-T46-003,14021307,MK-46,MQT LT2 / 2026,09/05/24,,,,12,01/01/24,DESCALIBRADO,,CMASM,,"R$ 1,552.47",R$ 450.00,,MQT 129/2025,5,
ELE ,CONTADOR,HP,5328B,,,CMASM-IDE-T46-004,2510A01544,MK-46,,01/15/25,01/15/25,06/09/25,06/05/25,12,06/05/26,DESCALIBRADO,certificado nº 2142060/2025,CMASM,REPARO/CALIBRAÇAO,"R$ 1,552.47",R$ 450.00,,MQT 129/2025,,
ELE ,CONTADOR,HP,5328B,,,CMASM-IDE-T46-005,2510A01575,MK-46,,06/18/24,07/04/24,,,12,01/01/24,DESCALIBRADO,REPARO,CMS,,"R$ 4,269.30",R$ 450.00,,MQT 129/2025,,
ELE ,CONTADOR,HP,5328B,,,CMASM-IDE-T46-006,2716A03294,MK-46,,06/18/24,07/04/24,,,12,01/01/24,DESCALIBRADO,REPARO,CMS,,"R$ 1,552.47",R$ 450.00,,MQT 129/2025,,
ELE ,CONTADOR,HP,5328B,,,CMASM-IDE-T46-007,2716A03309,MK-46,,06/06/23,06/07/23,06/09/25,06/05/25,12,06/05/26,DESCALIBRADO,certificado nº 2142061/2025,CMS,[23JAN2024] CMS: AGU obtenção/  componentes /REPARO/CALIBRAÇAO,"R$ 1,552.47",R$ 450.00,,MQT 129/2025,,
ELE ,CONTADOR,HP,5328B,,,CMASM-IDE-T46-008,2924A03338,MK-46,,09/26/23,09/28/23,11/16/23,11/14/23,12,11/14/24,DESCALIBRADO,certificado nº 2142118/2023,CMASM,,"R$ 1,552.47",R$ 450.00,,MQT 129/2025,,
ELE ,CONTADOR,HP,5328B,,,CMASM-IDE-T46-009,2924A04249,MK-46,,09/26/23,09/28/23,11/16/23,11/14/23,12,11/14/24,DESCALIBRADO,certificado nº 2142119/2023,CMASM,,"R$ 1,552.47",R$ 450.00,,MQT 129/2025,,
MEC,CONTROLADOR DE PRESSÃO,MENSOR,CPC 6000,"1 a 100 bar
15 a 1 500 psi","bar
Psi",CMASM-IDM-T46-001,611933,MK-46,,,,,,12,01/01/24,DESCALIBRADO,,CMASM,PREGAO 2025,R$ 550.00,,,VISOMES 229/2025,,
MEC,CONTROLADOR DE PRESSÃO,MENSOR,CPC 6000,"1 a 100 bar
15 a 1 500 psi","bar
Psi",CMASM-IDM-T46-002,613265,MK-46,,09/04/24,,,,12,01/01/24,DESCALIBRADO,,CMASM,PREGAO 2025,R$ 550.00,,,VISOMES 229/2025,,
MEC,CONTROLADOR DE PRESSÃO,MENSOR,CPC 3000,"1 a 100 bar
15 a 1 500 psi","bar
Psi",CMASM-IDM-T46-003,810517,MK-46,,09/04/24,,,,12,01/01/24,DESCALIBRADO,,CMASM,PREGAO 2025,R$ 550.00,,,VISOMES 229/2025,,
MEC,CONTROLADOR DE PRESSÃO,MENSOR,CPC 3000,"1 a 100 bar
15 a 1 500 psi","bar
Psi",CMASM-IDM-T46-004,810518,MK-46,,,,,,12,01/01/24,DESCALIBRADO,,CMASM,PREGAO 2025,R$ 550.00,,,VISOMES 229/2025,,
ELE ,DÉCADA CAPACITIVA,HP,4440B,"40 pF a 1,2 uF",,CMASM-IDE-T46-100,1224J04111,MK-46,,,,,,12,01/01/24,DESCALIBRADO,,CMASM,BOM ESTADO,,,,DESERTO,,
ELE ,DÉCADA RESISTIVA,GENERAL RADIO,1433-K,"0,1 a 1.111,0 Ohms",,CMASM-IDE-T46-101,16995,MK-46,,09/04/24,09/18/24,10/16/24,10/02/24,12,10/02/25,DESCALIBRADO,CMASM-IDE-T46-10402/10/24,CMASM,LCM LOTE 01,,,,DESERTO,,
ELE ,DÉCADA RESISTIVA,GENERAL RADIO,1433-N,"0,1 a 11.111,0 Ohms",,CMASM-IDE-T46-102,15091,MK-46,,09/04/24,09/18/24,10/16/24,10/02/24,12,10/02/25,DESCALIBRADO,CMASM-IDE-T46-10102/10/24,CMASM,LCM LOTE 01,,,,DESERTO,,
ELE ,DÉCADA RESISTIVA,GENERAL RADIO,1433-Y,100 a 11.111.000 Ohms,,CMASM-IDE-T46-103,16123,MK-46,,09/04/24,09/18/24,10/16/24,10/02/24,12,10/02/25,DESCALIBRADO,CMASM-IDE-T46-10202/10/24,CMASM,LCM LOTE 01,,,,DESERTO,,
ELE ,DÉCADA RESISTIVA,GENERAL RADIO,1433-Y,100 a 11.111.000 Ohms,,CMASM-IDE-T46-104,16135,MK-46,,09/04/24,09/18/24,10/16/24,10/02/24,12,10/02/25,DESCALIBRADO,CMASM-IDE-T46-10302/10/24,CMASM,LCM LOTE 01,,,,DESERTO,,
ELE ,GERADOR DE FUNÇÕES,RACAL INSTRUMENTS,3152B VXI,,,CMASM-IDE-T46-010,1202849,MK-46,MQT LT2 / 2026,05/15/24,,03/24/25,,12,01/01/24,DESCALIBRADO,,CMASM,,"R$ 1,552.47",R$ 410.00,,MQT 129/2025,11,
ELE ,GERADOR DE FUNÇÕES,RACAL INSTRUMENTS,3152B VXI,,,CMASM-IDE-T46-011,13011821,MK-46,MQT LT2 / 2026,09/05/24,,,,12,01/01/24,DESCALIBRADO,,CMASM,,"R$ 1,552.47",R$ 410.00,,MQT 129/2025,11,
ELE ,GERADOR DE FUNÇÕES,HP,3325B,,,CMASM-IDE-T46-012,2847A07888,MK-46,,01/15/25,01/15/25,08/11/25,07/18/25,12,07/18/26,CALIBRADO,certificado nº 2142080/2025,CMS,cms ,"R$ 3,881.18",R$ 410.00,,MQT 129/2025,,
ELE ,GERADOR DE FUNÇÕES,HP,3325B,,,CMASM-IDE-T46-013,2847A10Z34,MK-46,,09/26/23,09/28/23,12/05/23,11/14/23,12,11/14/24,DESCALIBRADO,certificado nº 2142012/2024,CMASM,"REPARADO EM 2022, MAS APRESENTA FALHA NOVAMENTE
FAIL 023
[23JAN2024] CMS: Pesquisa da avaria ""Fail 023"" em andamento. 
PS 077/2023","R$ 1,869.16",R$ 410.00,,MQT 129/2025,,
MEC,MANÔMETRO ANALÓGICO,,MENSOR 2780 (0-800 PSI),800,PSI,100012482217,100012482217,MK-46,MQT LT2 / 2026,09/04/24,10/18/24,10/16/24,10/01/24,12,10/01/25,DESCALIBRADO,MQT31196/24,CMASM,,R$ 90.00,R$ 65.00,,MQT 129/2025,26,
MEC,MANÔMETRO ANALÓGICO,,3D INSTRUMENTS INC (0-800 PSI),800,PSI,CMASM-IDM-T46-008,21767762,MK-46,MQT LT2 / 2026,09/04/24,10/25/23,10/16/24,10/01/24,12,10/01/25,DESCALIBRADO,MQT31201/24,CMASM,,R$ 90.00,R$ 65.00,,MQT 129/2025,26,
MEC,MANÔMETRO ANALÓGICO,,3D INSTRUMENTS INC (0-800 PSI),800,PSI,CMASM-IDM-T46-009,21767862,MK-46,MQT LT2 / 2026,09/04/24,10/25/23,10/16/24,10/01/24,12,10/01/25,DESCALIBRADO,MQT31198/24,CMASM,VRF CALIBRADO 2026,R$ 90.00,R$ 65.00,,MQT 129/2025,26,905/26
ELE ,MULTÍMETRO,FLUKE,87 V,,,CMASM-IDE-T46-014,27920124,MK-46,,06/18/24,07/04/24,08/22/24,08/08/24,12,08/08/25,DESCALIBRADO,certificado nº 2142069/2024,CMASM,,"R$ 1,164.35",R$ 165.00,,MQT 129/2025,,
ELE ,MULTÍMETRO,ICEL,6300,,,CMASM-IDE-T46-015,33492780,MK-46,,06/18/24,07/04/24,08/22/24,08/13/24,12,08/13/25,DESCALIBRADO,certificado nº 2142075/2024,CMASM,,"R$ 1,164.35",R$ 165.00,,MQT 129/2025,,
ELE ,MULTÍMETRO,FLUKE,87,,,CMASM-IDE-T46-016,52200130,MK-46,,06/18/24,07/04/24,08/22/24,08/08/24,12,08/08/25,DESCALIBRADO,certificado nº 2142068/2024,CMASM,,"R$ 1,164.35",R$ 165.00,,MQT 129/2025,,
ELE ,MULTÍMETRO,FLUKE,87,,,CMASM-IDE-T46-017,52200132,MK-46,,09/26/23,09/28/23,11/16/23,11/26/23,12,11/26/24,DESCALIBRADO,certificado nº 2142109/2023,CMASM,,R$ 560.75,R$ 165.00,,MQT 129/2025,,
ELE ,MULTÍMETRO,FLUKE,87,,,CMASM-IDE-T46-018,52200139,MK-46,,01/15/25,01/15/25,06/04/25,05/21/05,12,05/21/06,DESCALIBRADO,certificado nº 2142051/2023,CMASM,,R$ 560.75,R$ 165.00,,MQT 129/2025,,
ELE ,MULTÍMETRO,ICEL,6300,,,CMASM-IDE-T46-019,99492780,MK-46,,01/15/25,01/15/25,05/15/25,04/02/25,12,04/02/26,DESCALIBRADO,certificado nº 2142037/2023,CMASM,,R$ 776.23,R$ 165.00,,MQT 129/2025,,
ELE ,MULTÍMETRO,ICEL,MA-60,,,CMASM-IDE-T46-021,MA-605973,MK-46,,06/18/24,07/04/24,,,12,01/01/24,DESCALIBRADO,REPARO,CMS,,R$ 776.23,R$ 165.00,,MQT 129/2025,,
ELE ,MULTÍMETRO,KEYSIGHT/AGILENT,E1412A,,,CMASM-IDE-T46-022,MY45002134,MK-46,MQT LT2 / 2026,12/05/24,,03/24/25,,12,01/01/24,DESCALIBRADO,,CMASM,,R$ 560.75,R$ 165.00,,MQT 129/2025,14,
ELE ,MULTÍMETRO 6 DÍGITOS,HP,3456A     ,"1000 VDC x 100 nV
100 a 1G Ohm",,CMASM-IDE-T46-023,2015A00737,MK-46,,01/15/25,01/15/25,02/18/25,02/11/25,12,02/11/26,DESCALIBRADO,certificado nº 2142013/2025 ,CMASM,,"R$ 1,164.35",R$ 0.00,,CMS,,
ELE ,MULTÍMETRO 6 DÍGITOS,HP,3456A     ,"1000 VDC x 100 nV
100 a 1G Ohm",,CMASM-IDE-T46-024,2201A10066,MK-46,,09/26/23,09/28/23,12/21/23,11/21/23,12,11/21/24,DESCALIBRADO,certificado nº 2142126/2023,CMASM,,R$ 560.75,R$ 0.00,,CMS,,
ELE ,MULTÍMETRO 6 DÍGITOS,HP,3456A     ,"1000 VDC x 100 nV
100 a 1G Ohm",,CMASM-IDE-T46-025,2825A21059,MK-46,,01/15/25,01/15/25,02/17/25,02/11/25,12,02/11/26,DESCALIBRADO,certificado nº 2142014/2025,CMASM,,"R$ 1,164.35",R$ 0.00,,CMS,,
ELE ,MULTÍMETRO 6 DÍGITOS,HP,3456A     ,"1000 VDC x 100 nV
100 a 1G Ohm",,CMASM-IDE-T46-026,2943A22272,MK-46,,,01/18/22,,,12,01/01/24,DESCALIBRADO,REPARO,CMS,"EQUIPAMENTO NO CMS CALIBRAÇÃO 2021
PROCURAR POR PS 16/2021
[23JAN2024] CMS: AGU obtenção componentes",R$ 560.75,R$ 0.00,,CMS,,
ELE ,OSCILOSCÓPIO,KEYSIGHT,DSO5034A ,,,CMASM-IDE-T46-027,MY47150672,MK-46,,01/15/25,01/15/25,06/04/25,05/21/25,12,05/21/26,DESCALIBRADO,certificado nº 2142021/2025,CMASM,,"R$ 1,552.47",R$ 475.00,,MQT 129/2025,,
ELE ,OSCILOSCÓPIO,KEYSIGHT,DSO5034A ,,,CMASM-IDE-T46-028,SG52370204,MK-46,,01/15/25,01/15/25,10/11/25,07/11/25,12,07/11/26,CALIBRADO,certificado nº 2142077/2025,CMS,cms ,R$ 747.66,R$ 475.00,,MQT 129/2025,,
ELE ,OSCILOSCÓPIO,KEYSIGHT,DSO5034A ,,,CMASM-IDE-T46-029,SG52370208,MK-46,,09/26/23,09/28/23,11/16/23,11/10/23,12,11/10/24,DESCALIBRADO,certificado nº 2142117/2023,CMASM,,R$ 747.66,R$ 475.00,,MQT 129/2025,,
MEC,TORQUÍMETRO ,,SNAP-ON (TE250FU),,,CMASM-IDM-T46-012,14008,MK-46,,07/15/24,08/20/24,08/12/24,07/26/24,12,07/26/25,DESCALIBRADO,218985/24,CMASM,,R$ 100.00,R$ 70.00,,MQT 129/2025,,
MEC,TORQUÍMETRO ,,Consolidated devices (6002DI) 0 – 600 lbs,68.0,Nm,CMASM-IDM-T46-013,40300128,MK-46,,,,,,12,01/01/24,DESCALIBRADO,,CMASM,,R$ 100.00,R$ 70.00,,MQT 129/2025,,
MEC,TORQUÍMETRO ,,Consolidated devices (6002DI) 0 – 600 lbs,68.0,Nm,CMASM-IDM-T46-014,40300129,MK-46,,07/15/24,08/20/24,08/12/24,08/02/24,12,08/02/25,DESCALIBRADO,218991/24,CMASM,,R$ 100.00,R$ 70.00,,MQT 129/2025,,
MEC,TORQUÍMETRO ,,CONSOLITED DEVICES (1502MR) 10-150 lbs,15.0,Nm,CMASM-IDM-T46-015,44000123,MK-46,,,,,,12,01/01/24,DESCALIBRADO,,CMASM,,R$ 100.00,R$ 70.00,,MQT 129/2025,,
MEC,TORQUÍMETRO ,,UTICA (DA130) 0-30 lbs,3.0,Nm,CMASM-IDM-T46-016,44030102,MK-46,,,,,,12,01/01/24,DESCALIBRADO,,CMASM,,R$ 100.00,R$ 70.00,,MQT 129/2025,,
MEC,TORQUÍMETRO ,,STURTEVANT RICHMONT (CAL-36) 2-36 lbs,4.0,Nm,CMASM-IDM-T46-017,44030104,MK-46,,,,,,12,01/01/24,DESCALIBRADO,,CMASM,,R$ 100.00,R$ 70.00,,MQT 129/2025,,
MEC,TORQUÍMETRO ,,UTICA (TCI-150) 0-150 lbs,15.0,Nm,CMASM-IDM-T46-018,44030108,MK-46,,09/16/24,18/092024,10/16/24,10/01/24,12,10/01/25,DESCALIBRADO,,CMASM,,R$ 100.00,R$ 70.00,,MQT 129/2025,,
MEC,TORQUÍMETRO ,,UTICA (TCI-150) 0-150 lbs,15.0,Nm,CMASM-IDM-T46-019,44030109,MK-46,,,,,,12,01/01/24,DESCALIBRADO,,CMASM,,R$ 100.00,R$ 70.00,,MQT 129/2025,,
MEC,TORQUÍMETRO ,,UTICA (TCI-150) 0-150 lbs,15.0,Nm,CMASM-IDM-T46-020,44030110,MK-46,,07/15/24,08/20/24,10/16/24,10/01/24,12,10/01/25,DESCALIBRADO,218998/24,CMASM,,R$ 100.00,R$ 70.00,,MQT 129/2025,,
MEC,TORQUÍMETRO ,,UTICA (DA130) 0-30 lbs,3.0,Nm,CMASM-IDM-T46-021,44030112,MK-46,,09/16/24,09/18/24,10/16/24,10/01/24,12,10/01/25,DESCALIBRADO,,CMASM,,R$ 100.00,R$ 70.00,,MQT 129/2025,,
MEC,TORQUÍMETRO ,,STURTEVANT RICHMONT (CAL-36) 2-36 lbs,4.0,Nm,CMASM-IDM-T46-022,44030121,MK-46,,,,,,12,01/01/24,DESCALIBRADO,,CMASM,,R$ 100.00,R$ 70.00,,MQT 129/2025,,
MEC,TORQUÍMETRO ,,STURTEVANT RICHMONT (CAL-36) 2-36 lbs,4.0,Nm,CMASM-IDM-T46-024,44030126,MK-46,,,,,,12,01/01/24,DESCALIBRADO,,CMASM,,R$ 100.00,R$ 70.00,,MQT 129/2025,,
MEC,TORQUÍMETRO ,,UTICA (DA130) 0-30 lbs,3.0,Nm,CMASM-IDM-T46-025,44050130,MK-46,,07/15/24,08/20/24,08/12/24,08/02/24,12,08/02/25,DESCALIBRADO,218998/24,CMASM,,R$ 100.00,R$ 70.00,,MQT 129/2025,,
MEC,TORQUÍMETRO ,,SNAP-ON (QDJR50) 10-50 lbs,6.0,Nm,CMASM-IDM-T46-026,506356537,MK-46,,,,,,12,01/01/24,DESCALIBRADO,,CMASM,,R$ 100.00,R$ 70.00,,MQT 129/2025,,
MEC,TORQUÍMETRO ,,SNAP-ON (QDJR50) 10-50 lbs,6.0,Nm,CMASM-IDM-T46-027,506356573,MK-46,,,,,,12,01/01/24,DESCALIBRADO,,CMASM,,R$ 100.00,R$ 70.00,,MQT 129/2025,,
MEC,TORQUÍMETRO ,,SNAP-ON (QDJR50) 10-50 lbs,6.0,Nm,CMASM-IDM-T46-028,506358602,MK-46,,07/15/24,08/20/24,08/12/24,08/02/24,12,08/02/25,DESCALIBRADO,218968/24,CMASM,,R$ 100.00,R$ 70.00,,MQT 129/2025,,
MEC,TORQUÍMETRO ,,SNAP-ON (QD1200) 40-200 lbs,20.0,Nm,CMASM-IDM-T46-029,606389094,MK-46,,07/15/24,08/20/24,08/12/24,08/02/24,12,08/02/25,DESCALIBRADO,218914/24,CMASM,,R$ 100.00,R$ 70.00,,MQT 129/2025,,
MEC,TORQUÍMETRO ,,SNAP-ON (QD1200) 40-200 lbs,20.0,Nm,CMASM-IDM-T46-030,606389100,MK-46,,,,,,12,01/01/24,DESCALIBRADO,,CMASM,,R$ 100.00,R$ 70.00,,MQT 129/2025,,
MEC,TORQUÍMETRO ,,SNAP-ON (QD1200) 40-200 lbs,20.0,Nm,CMASM-IDM-T46-031,606620314,MK-46,,09/16/24,09/18/24,,,12,01/01/24,DESCALIBRADO,,CMASM,,R$ 100.00,R$ 70.00,,MQT 129/2025,,
MEC,TORQUÍMETRO ,,SNAP-ON (QJR284E) 150-1000 lbs,115.0,Nm,CMASM-IDM-T46-032,9910010020,MK-46,,09/16/24,09/18/24,10/16/24,10/02/24,12,10/02/25,DESCALIBRADO,,CMASM,,R$ 100.00,R$ 70.00,,MQT 129/2025,,
MEC,TORQUÍMETRO ,,SNAP-ON (QJR284E) 150-1000 lbs,115.0,Nm,CMASM-IDM-T46-033,9910010026,MK-46,,09/16/24,09/18/24,10/16/24,10/01/24,12,10/01/25,DESCALIBRADO,,CMASM,,R$ 100.00,R$ 70.00,,MQT 129/2025,,
MEC,TORQUÍMETRO ,,SNAP-ON (QJR284E) 150-1000 lbs,115.0,Nm,CMASM-IDM-T46-034,9910010040,MK-46,,07/15/24,08/20/24,08/12/24,08/02/24,12,08/02/25,DESCALIBRADO,218956/24,CMASM,,R$ 100.00,R$ 70.00,,MQT 129/2025,,
MEC,TORQUÍMETRO ,,SNAP-ON (QJR284E) 150-1000 lbs,115.0,Nm,CMASM-IDM-T46-035,9910010045,MK-46,,07/15/24,08/20/24,08/12/24,08/02/24,12,08/02/25,DESCALIBRADO,218976/24,CMASM,,R$ 100.00,R$ 70.00,,MQT 129/2025,,
MEC,TORQUÍMETRO ,,SNAP-ON (QJR284E) 150-1000 lbs,115.0,Nm,CMASM-IDM-T46-036,9910010089,MK-46,,,,,,12,01/01/24,DESCALIBRADO,,CMASM,,R$ 100.00,R$ 70.00,,MQT 129/2025,,
MEC,TORQUÍMETRO ,,SNAP-ON (QJR284E) 150-1000 lbs,115.0,Nm,CMASM-IDM-T46-038,9910010099,MK-46,,07/15/24,08/20/24,08/12/24,08/02/24,12,08/02/25,DESCALIBRADO,218942/24,CMASM,,R$ 100.00,R$ 70.00,,MQT 129/2025,,
MEC,TORQUÍMETRO ,,SNAP-ON (QJR284E) 150-1000 lbs,115.0,Nm,CMASM-IDM-T46-039,9910010105,MK-46,,,,,,12,01/01/24,DESCALIBRADO,,CMASM,,R$ 100.00,R$ 70.00,,MQT 129/2025,,
MEC,TORQUÍMETRO ,,SNAP-ON (QJR284E) 150-1000 lbs,115.0,Nm,CMASM-IDM-T46-040,9910010132,MK-46,,09/16/24,09/18/24,10/16/24,10/01/24,12,10/01/25,DESCALIBRADO,,CMASM,,R$ 100.00,R$ 70.00,,MQT 129/2025,,
MEC,TORQUÍMETRO ,,SNAP-ON (QJR284E) 150-1000 lbs,115.0,Nm,CMASM-IDM-T46-041,11910011105,MK-46,,09/16/24,09/18/24,10/16/24,10/01/24,12,10/01/25,DESCALIBRADO,,CMASM,,R$ 100.00,R$ 70.00,,MQT 129/2025,,
MEC,TORQUÍMETRO ,,SNAP-ON (QJR284E) 150-1000 lbs,115.0,Nm,CMASM-IDM-T46-042,11910011123,MK-46,,09/16/24,09/18/24,10/16/24,10/01/24,12,10/01/25,DESCALIBRADO,,CMASM,,R$ 100.00,R$ 70.00,,MQT 129/2025,,
MEC,TORQUÍMETRO ,,SNAP-ON (QJR284E) 150-1000 lbs,115.0,Nm,CMASM-IDM-T46-043,11910011147,MK-46,,09/16/24,09/18/24,10/16/24,10/01/24,12,10/01/25,DESCALIBRADO,,CMASM,,R$ 100.00,R$ 70.00,,MQT 129/2025,,
MEC,TORQUÍMETRO ,,SNAP-ON (QJR284E) 150-1000 lbs,115.0,Nm,CMASM-IDM-T46-045,11910011207,MK-46,,,,,,12,01/01/24,DESCALIBRADO,,CMASM,,R$ 100.00,R$ 70.00,,MQT 129/2025,,
MEC,TORQUÍMETRO ,,SNAP-ON (QJR284E) 150-1000 lbs,115.0,Nm,CMASM-IDM-T46-046,11910011214,MK-46,,,,,,12,01/01/24,DESCALIBRADO,,CMASM,,R$ 100.00,R$ 70.00,,MQT 129/2025,,
MEC,TORQUÍMETRO ,,SNAP-ON (QJR284E) 150-1000 lbs,115.0,Nm,CMASM-IDM-T46-047,11910011218,MK-46,,,,,,12,01/01/24,DESCALIBRADO,,CMASM,,R$ 100.00,R$ 70.00,,MQT 129/2025,,
MEC,TORQUÍMETRO ,,SNAP-ON (QJR284E) 150-1000 lbs,115.0,Nm,CMASM-IDM-T46-048,11910011223,MK-46,,,,,,12,01/01/24,DESCALIBRADO,,CMASM,,R$ 100.00,R$ 70.00,,MQT 129/2025,,
MEC,TORQUÍMETRO ,,SNAP-ON (QJR284E) 150-1000 lbs,115.0,Nm,CMASM-IDM-T46-049,11910011229,MK-46,,,,,,12,01/01/24,DESCALIBRADO,,CMASM,,R$ 100.00,R$ 70.00,,MQT 129/2025,,
MEC,TORQUÍMETRO ,,SNAP-ON (QJR284E) 150-1000 lbs,115.0,Nm,CMASM-IDM-T46-050,11910011239,MK-46,,09/16/24,09/18/24,10/16/24,10/01/24,12,10/01/25,DESCALIBRADO,,CMASM,,R$ 100.00,R$ 70.00,,MQT 129/2025,,
MEC,TORQUÍMETRO ,,SNAP-ON (QJR284E) 150-1000 lbs,115.0,Nm,CMASM-IDM-T46-051,11910011243,MK-46,,07/15/24,08/20/24,08/12/24,07/27/24,12,07/27/25,DESCALIBRADO,SEM ETIQUETA/218904/24,CMASM,,R$ 100.00,R$ 70.00,,MQT 129/2025,,
MEC,TORQUÍMETRO ,,SNAP-ON (QJR284E) 150-1000 lbs,115.0,Nm,CMASM-IDM-T46-052,11910011266,MK-46,,07/15/24,08/20/24,08/12/24,08/02/24,12,08/02/25,DESCALIBRADO,218930/24,CMASM,,R$ 100.00,R$ 70.00,,MQT 129/2025,,
MEC,TORQUÍMETRO ,,SNAP-ON (QJR284E) 150-1000 lbs,115.0,Nm,CMASM-IDM-T46-053,11910011986,MK-46,,,,,,12,01/01/24,DESCALIBRADO,,CMASM,,R$ 100.00,R$ 70.00,,MQT 129/2025,,
MEC,TORQUÍMETRO ,,STURTEVANT RICHMONT (CAL-36) 2-36 lbs,4.0,Nm,CMASM-IDM-T46-054,104-A,MK-46,,07/15/24,08/20/24,08/12/24,26/07/24,12,#VALUE!,#VALUE!,SEM ETIQUETE/219018/24,CMASM,,R$ 100.00,R$ 70.00,,MQT 129/2025,,
MEC,TORQUÍMETRO ,,Consolidated devices (1502DI) 0 – 150 lbs,15.0,Nm,CMASM-IDM-T46-055,5120-00-230-63-80575,MK-46,,07/15/24,08/20/24,08/12/24,08/02/24,12,08/02/25,DESCALIBRADO,219003/24,CMASM,,R$ 100.00,R$ 70.00,,MQT 129/2025,,
MEC,TORQUÍMETRO ,,Consolidated devices (1502DI) 0 – 150 lbs,15.0,Nm,CMASM-IDM-T46-056,5120-00-230-63-80976,MK-46,,,,,,12,01/01/24,DESCALIBRADO,,CMASM,,R$ 100.00,R$ 70.00,,MQT 129/2025,,
MEC,TORQUÍMETRO ,,CONSOLITED DEVICES (1502MR) 10-150 lbs,15.0,Nm,CMASM-IDM-T46-057,5120-00-288-8865,MK-46,,07/15/24,08/20/24,08/12/24,08/02/24,12,08/02/25,DESCALIBRADO,219009/24,CMASM,,R$ 100.00,R$ 70.00,,MQT 129/2025,,
MEC,TRANSDUTOR DE PRESSÃO,Mensor,Transducer Mensor Corporation 200 PSI 17777001 ,200,PSI,CMASM-IDM-T46-058,832251,MK-46,,10/30/24,10/31/24,,,12,01/01/24,DESCALIBRADO,,CMASM,,R$ 338.69,,,BACS,,
MEC,TRANSDUTOR DE PRESSÃO,,Transducer Mensor Corporation 1500 PSI 17777001,1500,PSI,CMASM-IDM-T46-059,832515,MK-46,,09/05/24,10/31/24,11/25/24,11/12/24,12,11/12/25,DESCALIBRADO,falta certificADO,CMASM,,R$ 338.69,,,BACS,,
MEC,TRANSDUTOR DE PRESSÃO,Mensor,Transducer Mensor Corporation 1500 PSI 17777001,1500,PSI,CMASM-IDM-T46-060,832516,MK-46,,10/30/24,,,,12,01/01/24,DESCALIBRADO,,CMASM,,R$ 338.69,,,BACS,,
MEC,TRANSDUTOR DE PRESSÃO,,Transducer Mensor Corporation 200 PSI 17777001 ,200,PSI,CMASM-IDM-T46-061,832521,MK-46,,09/05/24,10/31/24,11/25/24,11/12/24,12,11/12/25,DESCALIBRADO,falta certificado ,CMASM,,R$ 338.69,,,BACS,,
MEC,TRANSDUTOR DE PRESSÃO,,Transducer Mensor Corporation 200 PSI 17777001 ,200,PSI,CMASM-IDM-T46-062,410009JN,MK-46,,09/05/24,10/31/24,11/25/24,11/12/24,12,11/12/25,DESCALIBRADO,falta certificado ,CMASM,,R$ 338.69,,,BACS,,
MEC,TRANSDUTOR DE PRESSÃO,,Transducer Mensor Corporation 1500 PSI 17777001,1500,PSI,CMASM-IDM-T46-063,410009TL,MK-46,,09/05/24,10/31/24,11/25/24,11/12/24,12,11/12/25,DESCALIBRADO,falta certificado ,CMASM,,R$ 338.69,,,BACS,,
ELE ,AMPLIFICADOR TRANSCONDUTÂNCIA,FLUKE,5220A,,,CMASM-IDE-T48-043,5530012,MK-48,,10/05/23,10/09/23,12/21/23,11/24/23,32,07/24/26,CALIBRADO,certificado nº 2142130/2023,CMASM,,R$ 776.23,R$ 0.00,,CMS,,
ELE ,AMPLIFICADOR TRANSCONDUTÂNCIA,FLUKE,5220A,,,CMASM-IDE-T48-044,3315010,MK-48,,05/08/23,,07/25/23,06/12/24,32,02/12/27,CALIBRADO,certificado nº 2142048/2023,CMASM,,R$ 373.86,R$ 0.00,,CMS,,
MEC,BALANÇA DE PESO MORTO,AMETEK ,HYDRAULIC DEADWEIGHT TESTER DM-T-100/C,15000,PSI,CMASM-IDM-T48-270,100311,MK-48,deserto,,,,10/18/17,24,10/18/19,DESCALIBRADO,,CMASM,vrf mqt dinamometro,R$ 84.33,R$ 0.00,,DESERTO,,
MEC,BALANÇA DE PESO MORTO,AMETEK ,HYDRAULIC DEADWEIGHT TESTER DM-T-100/C,15000,PSI,CMASM-IDM-T48-271,100312,MK-48,,,,,04/04/17,24,04/04/19,DESCALIBRADO,,CMASM,,R$ 84.33,R$ 0.00,,DESERTO,,
MEC,BALANÇA DIGITAL,,BALANÇA DIGITAL (0 - 1200g),"1,2",Kg ,CMASM-IDM-T48-266,---,MK-48,visomes lt2/2026,08/23/24,09/16/24,10/30/24,10/22/24,12,10/22/25,DESCALIBRADO,falta certificado ,CMASM,,R$ 320.00,R$ 320.00,,VISOMES 229/2025,,
MEC,BALANÇA DIGITAL,,"SCALE, DIGITAL READOUT 5000 LB",2268,Kg,CMASM-IDM-T48-267,19399/25102,MK-48,,08/23/24,09/18/24,10/16/24,10/01/24,12,10/01/25,DESCALIBRADO,MQT31194/24 ,CMASM,PREGAO 2025,R$ 320.00,,,VISOMES 229/2025,,
ELE ,CALIBRADOR ,,,,,,,MK-48,,,,,,,,DESCALIBRADO,,,,,R$ 0.00,,CMS,,
ELE,CALIBRADOR DIGITAL,FLUKE,5100B,,,CMASM-IDM-T48-067,3450005,MK-48,,,,,,,,DESCALIBRADO,,,NOVO  PREGÃO,,R$ 0.00,,CMS,,
ELE ,CALIBRADOR DIGITAL,FLUKE,5100B,,,CMASM-IDE-T48-067,3450005,MK-48,,,,,,,,DESCALIBRADO,,,NOVO PREGÃO,,R$ 0.00,,CMS,,
ELE ,CALIBRADOR MULTIFUNÇÃO ,FLUKE,5100B,"200 VDC x 100 uV
1100 VAC x 0.1 uV
1.9 ADC x 1nA
1.9 AAC x 1nA
1 a 10 Mohm",,CMASM-IDE-T48-039,5165005,MK-48,,08/23/24,09/05/24,11/12/24,11/08/24,7,06/08/25,DESCALIBRADO,REPARO,cms,nec material,"R$ 3,104.95",R$ 0.00,,CMS,,
ELE ,CALIBRADOR MULTIFUNÇÃO ,FLUKE,5100B,"200 VDC x 100 uV
1100 VAC x 0.1 uV
1.9 ADC x 1nA
1.9 AAC x 1nA
1 a 10 Mohm",,CMASM-IDE-T48-067,3450005,MK-48,,01/05/25,01/05/25,01/15/25,01/10/25,7,08/10/25,DESCALIBRADO,certificado nº 2142002/2025,CMASM,MK-48,"R$ 3,104.95",R$ 0.00,,CMS,,
ELE ,CALIBRADOR MULTIFUNÇÃO ,FLUKE,5100B,"200 VDC x 100 uV
1100 VAC x 0.1 uV
1.9 ADC x 1nA
1.9 AAC x 1nA
1 a 10 Mohm",,CMASM-IDE-T48-069,4795018,MK-48,,07/23/23,08/11/23,,01/19/23,7,08/19/23,DESCALIBRADO,,CMASM,"INSTRUMENTO COM DEFEITO. 
FAZER PS REPARO
Enviado como sucata","R$ 3,104.95",R$ 0.00,,CMS,,
ELE ,CALIBRADOR TENSÃO,CALIBRATORS INC,DVL 8500,+- 19.999 VDC x 1mV,,CMASM-IDE-T48-031,23360381,MK-48,,06/28/23,06/28/23,07/25/23,07/20/23,36,07/20/26,CALIBRADO,certificado nº 2142067/2023,CMASM,,R$ 373.86,R$ 0.00,,CMS,,
ELE ,CONTADOR,KEYSIGHT,5335A,,,CMASM-IDE-T48-045,2934A14344,MK-48,MQT LT1.2026,12/15/25,12/15/25,01/23/26,01/07/26,36,01/07/29,CALIBRADO,EM CALIBRAÇÃO,CMS,,,R$ 450.00,,MQT 129/2025,,
ELE ,CONTADOR,KEYSIGHT,5335A,,,CMASM-IDE-T48-096,2838A12773,MK-48,,10/05/23,10/09/23,12/21/23,11/27/23,36,11/27/26,CALIBRADO,certificado nº 2142131/2023,CMASM,,R$ 747.66,R$ 450.00,,MQT 129/2025,,
MEC,DINAMÔMETRO ,CHATILLON,COX AN10,57,L/m,CMASM-IDM-T48-039,206,MK-48,,10/25/24,10/31/24,11/25/24,11/21/24,36,11/21/27,CALIBRADO,falta certificado ,CMASM,MSMI LOTE 02,R$ 84.33,R$ 240.00,,MQT 129/2025,,
MEC,DINAMÔMETRO ,CHATILLON,COX AN10,57,L/m,CMASM-IDM-T48-040,203,MK-48,,,,,02/19/20,36,02/19/23,DESCALIBRADO,calibrar em 2025,CMASM,vrf calibração,R$ 84.33,R$ 240.00,,MQT 129/2025,,
MEC,DINAMÔMETRO ,,"SCALE, PUSH/PULL TENSION  500 g","0,5",Kg ,CMASM-IDM-T48-053,516-500,MK-48,MQT LT2 / 2026,08/23/24,09/18/24,10/16/24,10/01/24,12,10/01/25,DESCALIBRADO,MQT31202/24,CMASM,,R$ 84.33,R$ 240.00,,MQT 129/2025,23,
MEC,DINAMÔMETRO ,CHATILLON,COX AN10,57,L/m,CMASM-IDM-T48-302,206,MK-48,MQT LT1.2026,12/15/25,12/15/25,01/23/26,01/07/26,36,01/07/29,CALIBRADO,calibrar em 2025,CMASM,,R$ 84.33,R$ 240.00,,MQT 129/2025,,
MEC,DINAMÔMETRO ,CHATILLON,COX AN10,57,L/m,CMASM-IDM-T48-305,207,MK-48,,10/25/24,10/31/24,11/25/24,11/21/24,36,11/21/27,CALIBRADO,falta certificado ,CMASM,MSMI LOTE 02,R$ 84.33,R$ 240.00,,MQT 129/2025,,
MEC,DINAMÔMETRO DIGITAL,,"SCALE, DIGITAL READOUT 5000 LB",2268,Kg ,CMASM-IDM-T48-268,19406/22632,MK-48,,12/05/24,,,02/11/25,24,02/11/27,CALIBRADO,MQT4136/25,CMASM,MQT LOTE 02,R$ 84.33,R$ 228.00,,MQT 129/2025,,
MEC,DINAMÔMETRO DIGITAL,,"SCALE, DIGITAL READOUT 2500 LB",1134,Kg ,CMASM-IDM-T48-269,8115,MK-48,,MQT LT1.2026,12/15/25,12/15/25,01/23/26,12,01/23/27,SEM CONDIÇOES DE USO,,,NOVO PREGÃO,,R$ 228.00,,MQT 129/2025,,
ELE ,GROUND STRAP TESTER,,Ground Strap Tester 253A,,,CMASM-IDE-T48-007,177,MK-48,CMS 2026,,,,08/25/20,12,08/25/21,DESCALIBRADO,,CMASM,,R$ 0.00,R$ 322.24,,CMS,,
ELE ,GROUND STRAP TESTER,,Ground Strap Tester 253A,,,CMASM-IDE-T48-010,179,MK-48,CMS 2026,08/23/24,09/16/24,10/30/24,10/22/24,12,10/22/25,DESCALIBRADO,falta certificado ,CMASM,,R$ 0.00,R$ 322.24,,CMS,,
ELE ,GROUND STRAP TESTER,,Ground Strap Tester 253A,,,CMASM-IDE-T48-017,182,MK-48,CMS 2026,08/23/24,09/16/24,10/30/24,10/22/24,12,10/22/25,DESCALIBRADO,falta certificado ,CMASM,,R$ 0.00,R$ 322.24,,CMS,,
ELE ,GROUND STRAP TESTER,,Ground Strap Tester 253A,,,CMASM-IDE-T48-020,174,MK-48,,08/23/24,09/16/24,10/30/24,10/22/24,12,10/22/25,DESCALIBRADO,falta certificado ,CMASM,,R$ 0.00,,,DESERTO,,
ELE ,GROUND STRAP TESTER,,Ground Strap Tester 253A,,,CMASM-IDE-T48-027,185,MK-48,,08/23/24,09/16/24,10/30/24,10/22/24,12,10/22/25,DESCALIBRADO,falta certificado ,CMASM,,R$ 0.00,,,DESERTO,,
ELE ,GROUND STRAP TESTER,,Ground Strap Tester 253A,,,CMASM-IDE-T48-028,178,MK-48,,08/23/24,09/16/24,10/30/24,10/22/24,12,10/22/25,DESCALIBRADO,falta certificado ,CMASM,,R$ 0.00,,,DESERTO,,
ELE ,IGNITER CIRCUIT TEST ,,Mod. 101-5BFAA,,,CMASM-IDE-T48-052,26360,MK-48,,08/23/24,09/16/24,10/30/24,10/22/24,36,10/22/27,CALIBRADO,falta certificado ,MSMI,,R$ 776.23,R$ 0.00,,CMS,,
ELE ,IGNITER CIRCUIT TEST ,,Mod. 101-5BFAA,,,CMASM-IDE-T48-058,00161AA,MK-48,,08/23/24,09/16/24,10/30/24,10/22/24,36,10/22/27,CALIBRADO,falta certificado ,MSMI,,R$ 776.23,R$ 0.00,,CMS,,
ELE ,IGNITER CIRCUIT TEST ,,Mod. 101-5BFAA,,,CMASM-IDE-T48-070,00180,MK-48,CMS 2026,,,,05/26/22,36,05/26/25,DESCALIBRADO,,CMASM,,R$ 776.23,R$ 967.01,,CMS,,
ELE ,IGNITER CIRCUIT TEST ,,Mod. 101-5BFAA,,,CMASM-IDE-T48-076,00171,MK-48,CMS 2026,,,,02/24/23,36,02/24/26,DESCALIBRADO,,CMASM,,R$ 776.23,R$ 967.01,,CMS,,
MEC,MANOMETRO ,,,,,CMASM-IDM-T48-263,AS-00888,MK-48,,MQT LT1.2026,12/15/25,12/15/25,01/23/26,12,,SEM CONDIÇOES DE USO,,,NOVO PREGÃO,,,,MQT 129/2025,,
MEC,MANÔMETRO ANALÓGICO,,"GAUGE, (0-30 PSI)",30,PSI,CMASM-IDM-T48-187,,MK-48,,12/05/24,,,02/10/25,24,02/10/27,CALIBRADO,MQT4133/25,CMASM,,R$ 90.00,R$ 65.00,,MQT 129/2025,,
MEC,MANÔMETRO ANALÓGICO,,"GAUGE, PRESSURE (0-200 PSI) ECP REQ",200 ,PSI,CMASM-IDM-T48-189,012810,MK-48,MQT LT1.2026,12/15/25,12/15/25,01/23/26,01/07/26,24,01/07/28,CALIBRADO,P-006376 ,CMASM,,R$ 90.00,R$ 65.00,,MQT 129/2025,,
MEC,MANÔMETRO ANALÓGICO,,"GAUGE, (IN.Hg VAC 30-0-60 PSI)",60,,CMASM-IDM-T48-194,,MK-48,,12/05/24,,,02/10/25,24,02/10/27,CALIBRADO,MQT4150/25,CMASM,,R$ 90.00,R$ 65.00,,MQT 129/2025,,
MEC,MANÔMETRO ANALÓGICO,,"GAUGE, (0-30 PSI)",30,PSI,CMASM-IDM-T48-239,,MK-48,,08/23/24,09/18/24,10/16/24,09/30/24,24,09/30/26,CALIBRADO,MQT31145/24,CMASM,,R$ 90.00,R$ 65.00,,MQT 129/2025,,
MEC,MANÔMETRO ANALÓGICO,,GAUGE 2000 PSI ,2000,PSI,CMASM-IDM-T48-244,,MK-48,,12/05/24,,,02/10/25,24,02/10/27,CALIBRADO,MQT4143/25,CMASM,,R$ 90.00,R$ 65.00,,MQT 129/2025,,
MEC,MANÔMETRO ANALÓGICO,,GAUGE 2000 PSI ,2000,PSI,CMASM-IDM-T48-245,,MK-48,,08/23/24,09/18/24,10/16/24,09/30/24,24,09/30/26,CALIBRADO,MQT31145/24,CMASM,,R$ 90.00,R$ 65.00,,MQT 129/2025,,
MEC,MANÔMETRO ANALÓGICO,,GAUGE 2000 PSI,2000,PSI,CMASM-IDM-T48-247,,MK-48,MQT LT2 / 2026,10/23/23,10/25/23,02/05/24,01/23/24,24,01/23/26,DESCALIBRADO,P-006423,CMASM,,R$ 90.00,R$ 65.00,,MQT 129/2025,26,
MEC,MANÔMETRO ANALÓGICO,,GAUGE 2000 PSI,2000,PSI,CMASM-IDM-T48-248,,MK-48,MQT LT2 / 2026,10/23/23,10/25/23,02/05/24,01/23/24,24,01/23/26,DESCALIBRADO,P-006422,CMASM,,R$ 90.00,R$ 65.00,,MQT 129/2025,26,
MEC,MANÔMETRO ANALÓGICO,,GAUGE 1500 PSI,1500,PSI,CMASM-IDM-T48-249,,MK-48,,08/23/24,10/18/24,10/16/24,10/01/24,24,10/01/26,CALIBRADO,MQT31148/24,CMASM,,R$ 90.00,R$ 65.00,,MQT 129/2025,,
MEC,MANÔMETRO ANALÓGICO,,GAUGE 100 PSI,100,PSI,CMASM-IDM-T48-251,,MK-48,,12/05/24,,,02/10/25,24,02/10/27,CALIBRADO,MQT4147/25,CMASM,,R$ 90.00,R$ 65.00,,MQT 129/2025,,1417/26
MEC,MANÔMETRO ANALÓGICO,,GAUGE 100 PSI,100,PSI,CMASM-IDM-T48-252,,MK-48,,12/05/24,,,02/10/25,24,02/10/27,CALIBRADO,MQT4134/25,CMASM,,R$ 90.00,R$ 65.00,,MQT 129/2025,,
MEC,MANÔMETRO ANALÓGICO,,GAUGE 100 PSI,100,PSI,CMASM-IDM-T48-253,,MK-48,,08/23/24,10/18/24,10/16/24,10/01/24,24,10/01/26,CALIBRADO,MQT31149/24 ,CMASM,,R$ 90.00,R$ 65.00,,MQT 129/2025,,
MEC,MANÔMETRO ANALÓGICO,,GAUGE 100 PSI,100,PSI,CMASM-IDM-T48-254,,MK-48,,08/23/24,10/18/24,10/16/24,10/01/24,24,10/01/26,CALIBRADO,MQT31151/24 ,CMASM,,R$ 90.00,R$ 65.00,,MQT 129/2025,,
MEC,MANÔMETRO ANALÓGICO,,GAUGE 30 PSI,30,PSI,CMASM-IDM-T48-255,,MK-48,,08/23/24,18/1024,10/16/24,10/01/24,24,10/01/26,CALIBRADO,MQT31152/24,CMASM,,R$ 90.00,R$ 65.00,,MQT 129/2025,,
MEC,MANÔMETRO ANALÓGICO,,GAUGE 160 PSI,160,PSI,CMASM-IDM-T48-257,,MK-48,,12/05/24,,,02/10/25,24,02/10/27,CALIBRADO,MQT4128/25,CMASM,,R$ 90.00,R$ 65.00,,MQT 129/2025,,
MEC,MANÔMETRO ANALÓGICO,,GAUGE 2000 PSI,,,CMASM-IDM-T48-258,,MK-48,,12/05/24,,,02/10/25,24,02/10/27,CALIBRADO,MQT4132/25,CMASM,,R$ 90.00,R$ 65.00,,MQT 129/2025,,
MEC,MANÔMETRO ANALÓGICO,,GAUGE ASSEMBLY (0-3000 PSIG) ,3000,PSI,CMASM-IDM-T48-260,CM-131808,MK-48,,12/05/24,,,02/10/25,24,02/10/27,CALIBRADO,MQT4153/25,CMASM,,R$ 90.00,R$ 65.00,,MQT 129/2025,,
MEC,MANÔMETRO ANALÓGICO,,GAUGE ASSEMBLY (0-3000 PSIG) ,3000,PSI,CMASM-IDM-T48-261,CM-131840,MK-48,,08/23/24,10/18/24,10/16/24,10/01/24,24,10/01/26,CALIBRADO,MQT31205/24 ,CMASM,,R$ 90.00,R$ 65.00,,MQT 129/2025,,
MEC,MANÔMETRO ANALÓGICO,,"GAUGE, (30-0-30 PSI)",30,PSI,CMASM-IDM-T48-265,KR01833,MK-48,,12/05/24,,,02/10/25,24,02/10/27,CALIBRADO,MQT4149/25,CMASM,,R$ 90.00,R$ 65.00,,MQT 129/2025,,
MEC,MANÔMETRO ANALÓGICO,,GAUGE  300 PSI ,300,PSI,CMASM-IDM-T48-278,,MK-48,,12/05/24,,,02/10/25,24,02/10/27,CALIBRADO,MQT4141/25,CMASM,,R$ 90.00,R$ 65.00,,MQT 129/2025,,
MEC,MANÔMETRO ANALÓGICO,,"GAUGE, (30-0-30 PSI)",30,PSI,CMASM-IDM-T48-328,42128,MK-48,,08/23/24,10/18/24,10/16/24,10/01/24,24,10/01/26,CALIBRADO,MQT31174/24,CMASM,,R$ 90.00,R$ 65.00,,MQT 129/2025,,
MEC,MANÔMETRO ANALÓGICO,,"GAUGE, ABSOLUTE PRESSURE (0-20 PSIG)",20,PSI,CMASM-IDM-T48-345,0711117,MK-48,,,,,01/19/21,13,02/19/22,inativo,,BACS,"
MK48 ESTÁ VRF",R$ 90.00,R$ 65.00,,MQT 129/2025,,
MEC,MANÔMETRO ANALÓGICO,,GAUGE 160 PSI,160,PSI,CMASM-IDM-T48-349,,MK-48,,12/05/24,,,02/10/25,24,02/10/27,CALIBRADO,MQT4139/25,CMASM,,R$ 90.00,R$ 65.00,,MQT 129/2025,,
MEC,MANÔMETRO ANALÓGICO,,GAUGE 160 PSI,160,PSI,CMASM-IDM-T48-350,,MK-48,,12/05/24,,,02/10/25,24,02/10/27,CALIBRADO,MQT4138/25,CMASM,,R$ 90.00,R$ 65.00,,MQT 129/2025,,
MEC,"MANÔMETRO ANALÓGICO
 BACS",,GAUGE ASSEMBLY (0-4500 FT. SEAWATER),2000,PSI,CMASM-IDM-T48-262,CM-138005,MK-48,,12/05/24,,,02/10/25,24,02/10/27,CALIBRADO,MQT4160/25,CMASM,,R$ 338.69,R$ 140.00,,MQT 129/2025,,
MEC,MANÔMETRO DIGITAL,,DIGITAL TEST GAUGE  25 PSI,25 ,PSI,CMASM-IDM-T48-190,1302881,MK-48,,08/23/24,09/18/24,10/16/24,10/03/24,24,10/03/26,CALIBRADO,277455/24,CMASM,,R$ 338.69,R$ 70.00,,MQT 129/2025,,
MEC,MANÔMETRO DIGITAL,,"DIGITAL TEST GAUGE 1,500  PSIg",1500,PSI,CMASM-IDM-T48-285,1205974,MK-48,,08/23/24,09/18/24,10/16/24,10/03/24,6,04/03/25,DESCALIBRADO,CMASM-IDM-T48-28503/10/24,CMASM,,R$ 338.69,R$ 70.00,,MQT 129/2025,,
MEC,MANOVACUÔMETRO ANALÓGICO,,"GAUGE, (30-0-30 PSI)",30,PSI,CMASM-IDM-T48-184,42127,MK-48,,08/23/24,10/18/24,10/16/24,10/01/24,24,10/01/26,CALIBRADO,MQT31170/24 ,CMASM,,R$ 90.00,R$ 133.00,,MQT 129/2025,,
MEC,"MEDIDOR DE FLUXO /
VALVULA DE ALIVIO ",,MEDIDOR DE FLUXO 0279-02,,,,X12312,MK-48,,,,,09/16/15,22,07/16/17,DESCALIBRADO,,CMASM,CALIBRADO PELA USN,R$ 0.00,R$ 199.00,,MQT 129/2025,,
MEC,"MEDIDOR DE FLUXO /
VALVULA DE ALIVIO ",,MEDIDOR DE FLUXO 0279-02,,,,X12311,MK-48,,,,,06/22/17,22,04/22/19,DESCALIBRADO,,CMASM,CALIBRADO PELA USN,R$ 0.00,R$ 199.00,,MQT 129/2025,,
MEC,"MEDIDOR DE FLUXO /
VALVULA DE ALIVIO ",,"MEDIDOR DE FLUXO / VALVULA DE ALIVIO 
0279-02",,,,X11223,MK-48,,09/16/24,09/16/24,10/30/24,10/22/24,22,08/22/26,CALIBRADO,,CMASM,,R$ 0.00,R$ 199.00,,MQT 129/2025,,
ELE ,MEGÔHMETRO,TEGAM,R1M-A,,,CMASM-IDE-T48-032,22079,MK-48,,08/23/24,10/25/24,02/17/25,02/07/25,36,02/07/28,CALIBRADO,certificado nº 2142010/2025,CMASM,,R$ 674.72,R$ 260.00,,MQT 129/2025,,
ELE ,MEGÔHMETRO,TEGAM,R1M-A,,,CMASM-IDE-T48-086,202111ORIM-A,MK-48,,06/28/23,06/28/23,08/11/23,07/20/23,36,07/20/26,CALIBRADO,certificado nº 2142069/2023,CMASM,,R$ 373.83,R$ 260.00,,MQT 129/2025,,
ELE ,MEGÔHMETRO,MINIPA,MI-2551,,,CMASM-IDE-T48-094,DD255104248,MK-48,,10/05/22,10/09/23,10/23/23,10/18/23,36,10/18/26,CALIBRADO,certificado nº 2142105/2023 ,CMASM,,R$ 373.86,R$ 260.00,,MQT 129/2025,,
MEC,MICROMETRO DE PROFUNDIDADE,,"GAGE, DEPTH MICROMETER  0-6""",6,POL,CMASM-IDM-T48-023,070128971,MK-48,,08/23/24,09/18/24,10/16/24,10/01/24,36,10/01/27,CALIBRADO,MQT31019/24,CMASM,,R$ 84.33,R$ 85.00,,MQT 129/2025,,
MEC,MICROMETRO DE PROFUNDIDADE,,"GAGE, DIAL DEPTH STARRET .0025""-0-.0025""",0.0025,POL,CMASM-IDM-T48-024,080622622,MK-48,,08/23/24,09/18/24,10/16/24,10/01/24,36,10/01/27,CALIBRADO,MQT31112/24 ,CMASM,,R$ 84.33,R$ 85.00,,MQT 129/2025,,
MEC,MICROMETRO DE PROFUNDIDADE,,"MICROMETER, DEPTH 0-3"" STARRETT",3,POL,CMASM-IDM-T48-033,440,MK-48,,08/23/24,10/18/24,10/16/24,10/01/24,36,10/01/27,CALIBRADO,MQT31019/24,CMASM,,R$ 84.33,R$ 85.00,,MQT 129/2025,,
MEC,MICROMETRO DE PROFUNDIDADE,,"GAGE, DEPTH MICROMETER  0-6""",6,POL,CMASM-IDM-T48-049,070525350,MK-48,,08/23/24,09/18/24,10/16/24,10/01/24,36,10/01/27,CALIBRADO,MQT31030/24 ,CMASM,,R$ 84.33,R$ 85.00,,MQT 129/2025,,
MEC,MICROMETRO DE PROFUNDIDADE,,"GAGE, DIAL DEPTH STARRET .0025""-0-.0025""",0.0025,POL,CMASM-IDM-T48-079,080622588,MK-48,MQT LT1.2026,12/15/25,12/15/25,01/23/26,01/05/26,36,01/05/29,CALIBRADO,,CMASM,,R$ 100.00,R$ 85.00,,MQT 129/2025,,
MEC,MICROMETRO DE PROFUNDIDADE,,"GAGE, DIAL DEPTH STARRET .0025""-0-.0025""",0.0025,POL,CMASM-IDM-T48-138,080622620,MK-48,,08/23/24,10/18/24,10/16/24,10/01/24,36,10/01/27,CALIBRADO,MQT31117/24 ,CMASM,,R$ 84.33,R$ 85.00,,MQT 129/2025,,
MEC,MICROMETRO DE PROFUNDIDADE,,"GAGE, DIAL DEPTH STARRET .0025""-0-.0025""",0.0025,POL,CMASM-IDM-T48-140,080622614,MK-48,MQT LT1.2026,12/15/25,12/15/25,01/23/26,01/07/26,36,01/07/29,CALIBRADO,,CMASM,,R$ 84.33,R$ 85.00,,MQT 129/2025,,
MEC,MICROMETRO DE PROFUNDIDADE,,"MICROMETER, DEPTH 0-3"" STARRETT",3,POL,CMASM-IDM-T48-141,,MK-48,,08/23/24,09/18/24,10/16/24,10/01/24,36,10/01/27,CALIBRADO,MQT31039/24,CMASM,,R$ 84.33,R$ 85.00,,MQT 129/2025,,
MEC,MICROMETRO DE PROFUNDIDADE,,"MICROMETER, DEPTH 0-3"" STARRETT",3,POL,CMASM-IDM-T48-227,,MK-48,,08/23/24,09/18/24,10/16/24,10/01/24,36,10/01/27,CALIBRADO,MQT31041/24 ,CMASM,,R$ 84.33,R$ 85.00,,MQT 129/2025,,
MEC,MICROMETRO DE PROFUNDIDADE,,"MICROMETER, DEPTH 0-3"" STARRETT",3,POL,CMASM-IDM-T48-228,,MK-48,,08/23/24,10/18/24,10/16/24,10/01/24,36,10/01/27,CALIBRADO,MQT31041/24 ,CMASM,,R$ 84.33,R$ 85.00,,MQT 129/2025,,
MEC,MICROMETRO DE PROFUNDIDADE,,"MICROMETER, DEPTH 0-3"" STARRETT",3,POL,CMASM-IDM-T48-229,,MK-48,,08/23/24,10/18/24,10/16/24,10/01/24,36,10/01/27,CALIBRADO,MQT31041/24 ,CMASM,,R$ 84.33,R$ 85.00,,MQT 129/2025,,
MEC,MICROMETRO DE PROFUNDIDADE,,"MICROMETER, DEPTH 0-3"" STARRETT",3,POL,CMASM-IDM-T48-230,,MK-48,,08/23/24,10/18/24,10/16/24,10/01/24,36,10/01/27,CALIBRADO,MQT31030/24 ,CMASM,,R$ 84.33,R$ 85.00,,MQT 129/2025,,
MEC,MICROMETRO DE PROFUNDIDADE,,"MICROMETER, DEPTH 0-3"" STARRETT",3,POL,CMASM-IDM-T48-231,,MK-48,,08/23/24,18/109/24,10/16/24,10/01/24,36,10/01/27,CALIBRADO,MQT31038/24,CMASM,,R$ 84.33,R$ 85.00,,MQT 129/2025,,
MEC,MICROMETRO DE PROFUNDIDADE,,"GAGE, DIAL DEPTH STARRET .0025""-0-.0025""",0.0025,POL,CMASM-IDM-T48-232,80622591,MK-48,,08/23/24,09/18/24,10/16/24,10/01/24,36,10/01/27,CALIBRADO,MQT31111/24,CMASM,,R$ 84.33,R$ 85.00,,MQT 129/2025,,
MEC,MICROMETRO DE PROFUNDIDADE,,"GAGE, DIAL DEPTH STARRET .0025""-0-.0025""",0.0025,POL,CMASM-IDM-T48-233,J-412,MK-48,,08/23/24,09/18/24,10/16/24,10/01/24,36,10/01/27,CALIBRADO,MQT31115/24 ,CMASM,,R$ 84.33,R$ 85.00,,MQT 129/2025,,
MEC,MICROMETRO DE PROFUNDIDADE,,"RELOGIO COMPARADOR .050""-0-.050""","0,05",POL,CMASM-IDM-T48-235,201,MK-48,,08/23/24,10/18/24,10/16/24,10/01/24,24,10/01/26,CALIBRADO,MQT31106/24 ,CMASM,,R$ 84.33,R$ 85.00,,MQT 129/2025,,
MEC,MICROMETRO DE PROFUNDIDADE,,"RELOGIO COMPARADOR .050""-0-.050""","0,05",POL,CMASM-IDM-T48-236,03,MK-48,,08/23/24,10/18/24,10/16/24,10/01/24,24,10/01/26,CALIBRADO,MQT31102/24,CMASM,,R$ 84.33,R$ 85.00,,MQT 129/2025,,
MEC,MICROMETRO DE PROFUNDIDADE,,"RELOGIO COMPARADOR .050""-0-.050""","0,05",POL,CMASM-IDM-T48-237,,MK-48,,08/23/24,10/18/24,10/16/24,10/01/24,24,10/01/26,CALIBRADO,MQT31108/24 ,CMASM,,R$ 84.33,R$ 85.00,,MQT 129/2025,,
MEC,MICROMETRO DE PROFUNDIDADE,,"RELOGIO COMPARADOR .050""-0-.050""","0,05",POL,CMASM-IDM-T48-343,1498,MK-48,MQT LT1.2026,12/15/25,12/15/25,01/23/26,01/07/26,12,01/07/27,CALIBRADO,CERTIFICADO?,CMASM,,R$ 84.33,R$ 85.00,,MQT 129/2025,,
ELE ,MULTÍMETRO,SIMPSON,260-6XLPM,,, CMASM-IDE-T48-003,,MK-48,,07/26/23,08/02/23,12/21/23,11/21/23,20,07/21/25,DESCALIBRADO,certificado nº 2142127/2023,CMASM,,R$ 776.23,R$ 165.00,,MQT 129/2025,,
ELE ,MULTÍMETRO,SIMPSON,260-6XLPM,,, CMASM-IDE-T48-006,,MK-48,,07/26/23,08/02/23,11/16/23,11/09/23,20,07/09/25,DESCALIBRADO,certificado nº 2142114/2023 ,CMASM,,R$ 776.23,R$ 165.00,,MQT 129/2025,,
ELE ,MULTÍMETRO,SIMPSON,260-6XLPM,,,CMASM-IDE-T48-002,1308,MK-48,,06/28/23,06/28/23,07/25/23,07/19/23,20,03/19/25,DESCALIBRADO,certificado nº 2142106/2023 ,CMASM,,R$ 776.23,R$ 165.00,,MQT 129/2025,,
ELE ,MULTÍMETRO,FLUKE,83-V,,,CMASM-IDE-T48-011,97800392,MK-48,,01/26/24,03/01/24,05/17/24,03/25/24,36,03/25/27,CALIBRADO,certificado n° 2142018/2024,CMASM,,R$ 560.75,R$ 165.00,,MQT 129/2025,,
ELE ,MULTÍMETRO,SIMPSON,260-6XLPM,,,CMASM-IDE-T48-012,612E,MK-48,,07/26/23,09/18/23,10/23/23,10/19/23,20,06/19/25,DESCALIBRADO,certificado nº 2142106/2023 ,CMASM,,R$ 776.23,R$ 165.00,,MQT 129/2025,,
ELE ,MULTÍMETRO,SIMPSON,260-6XLPM,,,CMASM-IDE-T48-013,629,MK-48,,08/23/24,09/05/24,01/15/25,11/21/24,20,07/21/26,CALIBRADO,certificado nº 2142103/2024,CMS,,R$ 776.23,R$ 165.00,,MQT 129/2025,,
ELE ,MULTÍMETRO,FLUKE,83-V,,,CMASM-IDE-T48-016,97310078,MK-48,,07/26/23,08/02/23,10/09/23,08/17/22,36,08/17/25,DESCALIBRADO,certificado nº 2142100/2023 ,CMASM,,"R$ 1,164.35",R$ 165.00,,MQT 129/2025,,
ELE ,MULTÍMETRO,SIMPSON,260-6XLPM,,,CMASM-IDE-T48-023,,MK-48,,09/27/23,09/28/23,12/21/23,12/07/23,20,08/07/25,DESCALIBRADO,certificado nº 2142133/2023 ,CMASM,,R$ 776.23,R$ 165.00,,MQT 129/2025,,
ELE ,MULTÍMETRO,FLUKE,83-V,,,CMASM-IDE-T48-034,97870322,MK-48,,07/26/23,08/02/23,10/09/23,10/05/23,36,10/05/26,CALIBRADO,certificado nº 2142100/2023 ,CMASM,,R$ 776.23,R$ 165.00,,MQT 129/2025,,
ELE ,MULTÍMETRO,FLUKE,77,,,CMASM-IDE-T48-049,49050228,MK-48,MQT LT1.2026,12/15/25,12/15/25,01/23/26,01/05/26,36,01/05/29,CALIBRADO,,CMASM,,,R$ 165.00,,MQT 129/2025,,
ELE ,MULTÍMETRO,FLUKE,85-III,,,CMASM-IDE-T48-050,77033433,MK-48,,06/28/23,06/28/23,07/25/23,07/14/23,36,07/14/26,CALIBRADO,certificado nº 2142104/2023 ,CMASM,,R$ 560.75,R$ 165.00,,MQT 129/2025,,
ELE ,MULTÍMETRO,FLUKE,77,,,CMASM-IDE-T48-051,49020911,MK-48,,01/26/24,03/01/24,05/17/24,03/21/24,36,03/21/27,CALIBRADO,certificado n° 2142017/2024,CMASM,,R$ 776.23,R$ 165.00,,MQT 129/2025,,
ELE ,MULTÍMETRO,FLUKE,85-III,,,CMASM-IDE-T48-059,77033422,MK-48,,06/28/23,06/28/23,07/25/23,07/17/23,36,07/17/26,CALIBRADO,certificado nº 2142064/2023,CMASM,,"R$ 1,164.35",R$ 165.00,,MQT 129/2025,,
ELE ,MULTÍMETRO,FLUKE,85-III,,,CMASM-IDE-T48-060,77050316,MK-48,,10/05/23,10/09/23,10/23/23,10/18/23,36,10/18/26,CALIBRADO,certificado nº 2142104/2023 ,CMASM,,"R$ 1,164.35",R$ 165.00,,MQT 129/2025,,
MEC,NÍVEL LINEAR DE PRECISÃO,,"LEVEL, PRECISION",,,CMASM-IDM-T48-020,,MK-48,,08/23/24,09/16/24,10/30/24,10/22/24,36,10/22/27,CALIBRADO,falta certificado ,CMASM,,R$ 84.33,R$ 80.00,,MQT 129/2025,,
ELE ,OSCILOSCÓPIO,TEKTRONIX,TBS1102B ,,,CMASM-IDE-T48-022,CO32187,MK-48,MQT LT1.2026,12/15/25,12/15/25,01/23/26,01/05/26,12,01/05/27,CALIBRADO,certificado n° 2142024/2024,CMASM,,,R$ 475.00,,MQT 129/2025,,
ELE ,OSCILOSCÓPIO,TEKTRONIX,THS730A,,,CMASM-IDE-T48-084,B033690,MK-48,,01/26/24,03/01/24,,08/18/22,12,08/18/23,DESCALIBRADO,REPARO,CMS,,,R$ 475.00,,MQT 129/2025,,
MEC,PAQUÍMETRO ,,"PAQUIMETRO  6""",6,POL,CMASM-IDM-T48-107,8S20626,MK-48,,08/23/24,09/16/24,10/30/24,10/21/24,36,10/21/27,CALIBRADO,falta certificado ,CMASM,,R$ 84.33,R$ 45.00,,MQT 129/2025,,
MEC,PAQUÍMETRO ,,"PAQUIMETRO  6""",6,POL,CMASM-IDM-T48-111,8010072,MK-48,,08/23/24,09/16/24,10/30/24,10/21/24,36,10/21/27,CALIBRADO,falta certificado ,CMASM,,R$ 84.33,R$ 45.00,,MQT 129/2025,,
MEC,PAQUÍMETRO ,,"PAQUIMETRO  6""",6,POL,CMASM-IDM-T48-113,803079,MK-48,,08/23/24,09/16/24,10/30/24,10/21/24,36,10/21/27,CALIBRADO,falta certificado ,CMASM,,R$ 84.33,R$ 45.00,,MQT 129/2025,,
MEC,PAQUÍMETRO ,,"PAQUIMETRO  6""",6,POL,CMASM-IDM-T48-114,8L10405,MK-48,,08/23/24,09/16/24,10/30/24,10/21/24,36,10/21/27,CALIBRADO,falta certificado ,CMASM,,R$ 84.33,R$ 45.00,,MQT 129/2025,,
MEC,PAQUÍMETRO ,,"PAQUIMETRO  6""",6,POL,CMASM-IDM-T48-136,8L20801,MK-48,,08/23/24,09/16/24,10/30/24,10/21/24,36,10/21/27,CALIBRADO,falta certificado ,CMASM,,R$ 84.33,R$ 45.00,,MQT 129/2025,,
MEC,PAQUÍMETRO ,,"PAQUIMETRO  6""",6,POL,CMASM-IDM-T48-139,8S20972,MK-48,MQT LT1.2026,12/15/25,12/15/25,01/23/26,01/07/26,36,01/07/29,CALIBRADO,,CMASM,,R$ 84.33,R$ 45.00,,MQT 129/2025,,
MEC,PAQUÍMETRO ,,"PAQUIMETRO  6""",6,POL,CMASM-IDM-T48-168,8S30495,MK-48,,08/23/24,09/16/24,10/30/24,10/21/24,36,10/21/27,CALIBRADO,falta certificado ,CMASM,,R$ 84.33,R$ 45.00,,MQT 129/2025,,
MEC,PAQUÍMETRO ,,"PAQUIMETRO  6""",6,POL,CMASM-IDM-T48-234,,MK-48,,08/23/24,09/16/24,10/30/24,10/21/24,24,10/21/26,CALIBRADO,falta certificado ,CMASM,,R$ 84.33,R$ 45.00,,MQT 129/2025,,
MEC,SENSOR DE VELOCIDADE,,COX AN10,,,CMASM-IDM-T48-040,303,MK-48,MQT LT1.2026,12/15/25,12/15/25,01/23/26,01/07/26,,,,,,,,,,MQT 129/2025,,
MEC,TERMÔMETRO,,"TERMÔMETRO, (32-212 F)",100,°C,CMASM-IDM-T48-181,335229,MK-48,MQT LT1.2026,12/15/25,12/15/25,01/23/26,01/05/26,9,10/05/26,CALIBRADO,falta certificado ,CMASM,,R$ 84.33,R$ 65.00,,MQT 129/2025,,
MEC,TERMÔMETRO,,"TERMÔMETRO, (0-200 F)",100,°C,CMASM-IDM-T48-182,,MK-48,MQT LT1.2026,12/15/25,12/15/25,01/23/26,01/05/26,9,10/05/26,CALIBRADO,falta certificado ,CMASM,,R$ 84.33,R$ 65.00,,MQT 129/2025,,
ELE ,TERMÔMETRO DIGITAL,OMEGA,HH11B,750,°C,CMASM-IDE-T48-062,110718,MK-48,MQT LT1.2026,12/15/25,12/15/25,01/23/26,01/07/26,12,01/07/27,CALIBRADO,CMASM-IDM-T48-06203/10/24,CMASM,,,,,MQT 129/2025,,
MEC,TORQUÍMETRO ,,"WRENCH, TORQUE 300-0-300 IN LB 3/8 SQ DR",35.0,Nm,CMASM-IDM-T48-001,81013485,MK-48,,07/15/24,08/20/24,08/12/24,07/24/24,24,07/24/26,CALIBRADO,213935/24,CMASM,,R$ 100.00,R$ 70.00,,MQT 129/2025,,
MEC,TORQUÍMETRO ,,"WRENCH, TORQUE 50-0-50 IN LB 1/4 SQ DR",6.0,Nm,CMASM-IDM-T48-002,7168,MK-48,,09/16/24,09/18/24,10/16/24,10/02/24,36,10/02/27,CALIBRADO,,CMASM,,R$ 100.00,R$ 70.00,,MQT 129/2025,,
MEC,TORQUÍMETRO ,,"WRENCH, TORQUE 175-0-175 FT LB 1/2 SQ DR TE175",15.0,Nm,CMASM-IDM-T48-003,55301,MK-48,MQT LT1.2026,12/15/25,12/15/25,01/23/26,01/05/26,30,07/05/28,CALIBRADO,NAO CALIBRAR EM 2024,CMASM,,R$ 100.00,R$ 70.00,,MQT 129/2025,,
MEC,TORQUÍMETRO ,,"WRENCH, TORQUE 100-0-100 FT LB 1/2 SQ DR",140.0,Nm,CMASM-IDM-T48-004,7938,MK-48,MQT LT2 / 2026,09/16/24,09/18/24,10/16/24,10/02/24,15,01/02/26,DESCALIBRADO,,CMASM,,R$ 100.00,R$ 70.00,,MQT 129/2025,35,
MEC,TORQUÍMETRO ,,"WRENCH, TORQUE 50-0-50 FT LB 3/8 SQ DR",70.0,Nm,CMASM-IDM-T48-005,11895,MK-48,,09/16/24,09/18/24,10/16/24,10/02/24,24,10/02/26,CALIBRADO,,CMASM,,R$ 100.00,R$ 70.00,,MQT 129/2025,,
MEC,TORQUÍMETRO ,,"WRENCH, TORQUE 300-0-300 IN LB 3/8 SQ DR",35.0,Nm,CMASM-IDM-T48-006,81006147,MK-48,,07/15/24,08/20/24,08/12/24,07/24/24,24,07/24/26,CALIBRADO,295877/24 ,CMASM,,R$ 100.00,R$ 70.00,,MQT 129/2025,,
MEC,TORQUÍMETRO ,,"WRENCH, TORQUE 60-0-60 IN LB 1/4 SQ DR",10.0,Nm,CMASM-IDM-T48-007,6302,MK-48,,07/15/24,08/20/24,08/12/24,08/25/24,24,08/25/26,CALIBRADO,215105/24,CMASM,,R$ 100.00,R$ 70.00,,MQT 129/2025,,
MEC,TORQUÍMETRO ,,TORQUE DRIVER 24-0-24 IN LB,3.0,Nm,CMASM-IDM-T48-008,5411,MK-48,,09/16/24,09/18/24,10/16/24,10/02/24,30,04/02/27,CALIBRADO,,CMASM,,R$ 100.00,R$ 70.00,,MQT 129/2025,,
MEC,TORQUÍMETRO ,,"WRENCH, TORQUE 50-0-50 FT LB 1/2 SQ DR",70.0,Nm,CMASM-IDM-T48-009,4129,MK-48,MQT LT1.2026,12/15/25,12/15/25,01/23/26,01/05/26,15,04/05/27,CALIBRADO,218991/24,CMASM,,R$ 100.00,R$ 70.00,,MQT 129/2025,,
MEC,TORQUÍMETRO ,,"WRENCH, TORQUE 15-0-15 IN LB 1/4 SQ DR",2.0,Nm,CMASM-IDM-T48-010,6263,MK-48,,07/15/24,08/20/24,08/12/24,07/24/24,36,07/24/27,CALIBRADO,214923/24,CMASM,,R$ 100.00,R$ 70.00,,MQT 129/2025,,
MEC,TORQUÍMETRO ,,"WRENCH, TORQUE 300-0-300 IN LB 3/8 SQ DR",35.0,Nm,CMASM-IDM-T48-011,3447,MK-48,,09/16/24,09/18/24,10/16/24,10/02/24,30,04/02/27,CALIBRADO,,CMASM,,R$ 100.00,R$ 70.00,,MQT 129/2025,,
MEC,TORQUÍMETRO ,,"WRENCH, TORQUE 15-0-15 IN LB 1/4 SQ DR",2.0,Nm,CMASM-IDM-T48-012,6266,MK-48,,07/15/24,08/20/24,08/12/24,07/24/24,36,07/24/27,CALIBRADO,213777/24,CMASM,,R$ 100.00,R$ 70.00,,MQT 129/2025,,
MEC,TORQUÍMETRO ,,"WRENCH, TORQUE 150-0-150 IN LB 3/8 SQ DR",20.0,Nm,CMASM-IDM-T48-013,39722,MK-48,MQT LT1.2026,12/15/25,12/15/25,01/23/26,01/05/26,15,04/05/27,CALIBRADO,,CMASM,,R$ 100.00,R$ 70.00,,MQT 129/2025,,
MEC,TORQUÍMETRO ,,"WRENCH, TORQUE 600-0-600 IN LB 3/8 SQ DR TE50FUA",70.0,Nm,CMASM-IDM-T48-014,17162,MK-48,MQT LT1.2026,12/15/25,12/15/25,01/23/26,01/05/26,15,04/05/27,CALIBRADO,,CMASM,,R$ 100.00,R$ 70.00,,MQT 129/2025,,
MEC,TORQUÍMETRO ,,"WRENCH, TORQUE 600-0-600 IN LB 3/8 SQ DR TE50FUA",70.0,Nm,CMASM-IDM-T48-015,17165,MK-48,,09/16/24,09/18/24,10/16/24,10/02/24,30,04/02/27,CALIBRADO,,CMASM,,R$ 100.00,R$ 70.00,,MQT 129/2025,,
MEC,TORQUÍMETRO ,,"WRENCH, TORQUE 600-0-600 IN LB 3/8 SQ DR TE50FUA",70.0,Nm,CMASM-IDM-T48-016,17186,MK-48,,09/16/24,09/18/24,10/16/24,10/02/24,30,04/02/27,CALIBRADO,,CMASM,,R$ 100.00,R$ 70.00,,MQT 129/2025,,
MEC,TORQUÍMETRO ,,"WRENCH, TORQUE 15-0-15 IN LB 1/4 SQ DR",2.0,Nm,CMASM-IDM-T48-017,6264,MK-48,,09/24/24,09/24/24,10/16/24,10/02/24,36,10/02/27,CALIBRADO,,CMASM,,R$ 100.00,R$ 70.00,,MQT 129/2025,,
MEC,TORQUÍMETRO ,,"WRENCH, TORQUE 600-0-600 IN LB 1/2 SQ DR",70.0,Nm,CMASM-IDM-T48-018,7103,MK-48,MQT LT1.2026,12/15/25,12/15/25,01/23/26,01/05/26,30,07/05/28,CALIBRADO,,CMASM,,R$ 100.00,R$ 70.00,,MQT 129/2025,,
MEC,TORQUÍMETRO ,,"WRENCH, TORQUE 600-0-600 IN LB 1/2 SQ DR",70.0,Nm,CMASM-IDM-T48-019,7101,MK-48,MQT LT1.2026,12/15/25,12/15/25,01/23/26,01/05/26,30,07/05/28,CALIBRADO,,CMASM,,R$ 100.00,R$ 70.00,,MQT 129/2025,,
MEC,TORQUÍMETRO ,,"WRENCH, TORQUE 600-0-600 IN LB 1/2 SQ DR",70.0,Nm,CMASM-IDM-T48-021,7102,MK-48,MQT LT1.2026,12/15/25,12/15/25,01/23/26,01/05/26,30,07/05/28,CALIBRADO,NOVO PREGGÃO,CMASM,,R$ 100.00,R$ 70.00,,MQT 129/2025,,
MEC,TORQUÍMETRO ,,"WRENCH, TORQUE 50-0-50 FT LB 1/2 SQ DR",70.0,Nm,CMASM-IDM-T48-022,4128,MK-48,MQT LT1.2026,12/15/25,12/15/25,01/23/26,01/05/26,15,04/05/27,CALIBRADO,213950/24,CMASM,,R$ 100.00,R$ 70.00,,MQT 129/2025,,
MEC,TORQUÍMETRO ,,"WRENCH, TORQUE 300-0-300 IN LB 3/8 SQ DR",35.0,Nm,CMASM-IDM-T48-026,81006120,MK-48,,10/13/24,10/15/24,11/11/24,11/06/24,24,11/06/26,CALIBRADO,,CMASM,,R$ 100.00,R$ 70.00,,MQT 129/2025,,
MEC,TORQUÍMETRO ,,"WRENCH, TORQUE 150-0-150 IN LB 3/8 SQ DR",20.0,Nm,CMASM-IDM-T48-027,39720,MK-48,MQT LT1.2026,12/15/25,12/15/25,01/23/26,01/05/26,15,04/05/27,CALIBRADO,,CMASM,,R$ 100.00,R$ 70.00,,MQT 129/2025,,
MEC,TORQUÍMETRO ,,"WRENCH, TORQUE 75-0-75 IN LB 1/4 SQ DR",10.0,Nm,CMASM-IDM-T48-028,24484,MK-48,MQT LT1.2026,12/15/25,12/15/25,01/23/26,01/05/26,30,07/05/28,CALIBRADO,NAO CALIBRAR EM 2024,CMASM,,R$ 100.00,R$ 70.00,,MQT 129/2025,,
MEC,TORQUÍMETRO ,,"WRENCH, TORQUE 150-0-150 IN LB 3/8 SQ DR",15.0,Nm,CMASM-IDM-T48-029,39864,MK-48,MQT LT1.2026,12/15/25,12/15/25,01/23/26,01/05/26,15,04/05/27,CALIBRADO,,CMASM,,R$ 100.00,R$ 70.00,,MQT 129/2025,,
MEC,TORQUÍMETRO ,,"WRENCH, TORQUE 100-0-100 FT LB 1/2 SQ DR",150.0,Nm,CMASM-IDM-T48-030,7944,MK-48,MQT LT2 / 2026,09/16/24,09/18/24,10/16/24,10/02/24,15,01/02/26,DESCALIBRADO,,CMASM,,R$ 100.00,R$ 70.00,,MQT 129/2025,35,
MEC,TORQUÍMETRO ,,"WRENCH, TORQUE 100-0-100 FT LB 1/2 SQ DR",140.0,Nm,CMASM-IDM-T48-031,7888,MK-48,MQT LT1.2026,12/15/25,12/15/25,01/23/26,01/05/26,15,04/05/27,CALIBRADO,214007/24,CMASM,,R$ 100.00,R$ 70.00,,MQT 129/2025,,
MEC,TORQUÍMETRO ,,"WRENCH, TORQUE 150-0-150 IN LB 3/8 SQ DR",20.0,Nm,CMASM-IDM-T48-032,39892,MK-48,MQT LT1.2026,12/15/25,12/15/25,01/23/26,01/05/26,15,04/05/27,CALIBRADO,,CMASM,,R$ 100.00,R$ 70.00,,MQT 129/2025,,
MEC,TORQUÍMETRO ,,"WRENCH, TORQUE PRESET 18 IN LB 1/4 SQ DR",2.5,Nm,CMASM-IDM-T48-034,BT-1B,MK-48,,09/16/24,09/18/24,10/16/24,11/16/22,24,11/16/24,DESCALIBRADO,,CMASM,,R$ 100.00,R$ 70.00,,MQT 129/2025,,
MEC,TORQUÍMETRO ,,"WRENCH, TORQUE PRESET 75 IN LB 3/8 SQ DR",10.0,Nm,CMASM-IDM-T48-034,04111342,MK-48,,09/16/24,09/18/24,10/16/24,10/02/24,18,04/02/26,DESCALIBRADO,,CMASM,,R$ 100.00,R$ 70.00,,MQT 129/2025,,
MEC,TORQUÍMETRO ,,"WRENCH, TORQUE PRESET 8 IN LB",1.0,Nm,CMASM-IDM-T48-035,BT-1,MK-48,,07/15/24,08/20/24,08/12/24,07/25/24,24,07/25/26,CALIBRADO,215017/24,CMASM,,R$ 100.00,R$ 70.00,,MQT 129/2025,,
MEC,TORQUÍMETRO ,,"WRENCH, TORQUE PRESET 18 IN LB 1/4 SQ DR",2.5,Nm,CMASM-IDM-T48-036,BT-1B,MK-48,,09/16/24,09/18/24,10/16/24,10/02/24,24,10/02/26,CALIBRADO,,CMASM,,R$ 100.00,R$ 70.00,,MQT 129/2025,,
MEC,TORQUÍMETRO ,,"WRENCH, TORQUE PRESET 75 IN LB 3/8 SQ DR",10.0,Nm,CMASM-IDM-T48-037,ADCAP,MK-48,,09/16/24,09/18/24,10/16/24,10/02/24,24,10/02/26,CALIBRADO,,CMASM,,R$ 100.00,R$ 70.00,,MQT 129/2025,,
MEC,TORQUÍMETRO ,,"WRENCH, TORQUE PRESET 18 IN LB 1/4 SQ DR",2.5,Nm,CMASM-IDM-T48-038,BT-1B,MK-48,,10/13/24,10/15/24,11/11/24,11/06/24,24,11/06/26,CALIBRADO,,CMASM,,R$ 100.00,R$ 70.00,,MQT 129/2025,,
MEC,TORQUÍMETRO ,,"WRENCH, TORQUE 150-0-150 IN LB 3/8 SQ DR",20.0,Nm,CMASM-IDM-T48-041,39887,MK-48,MQT LT2 / 2026,10/13/24,10/15/24,11/11/24,11/06/24,15,02/06/26,DESCALIBRADO,,CMASM,,R$ 100.00,R$ 70.00,,MQT 129/2025,35,
MEC,TORQUÍMETRO ,,"WRENCH, TORQUE 150-0-150 IN LB 3/8 SQ DR",15.0,Nm,CMASM-IDM-T48-042,39883,MK-48,MQT LT1.2026,12/15/25,12/15/25,01/23/26,01/05/26,15,04/05/27,CALIBRADO,,CMASM,,R$ 100.00,R$ 70.00,,MQT 129/2025,,
MEC,TORQUÍMETRO ,,"WRENCH, TORQUE 75-0-75 IN LB 1/4 SQ DR",10.0,Nm,CMASM-IDM-T48-043,24456,MK-48,,09/16/24,09/18/24,10/16/24,10/02/24,30,04/02/27,CALIBRADO,,CMASM,,R$ 100.00,R$ 70.00,,MQT 129/2025,,
MEC,TORQUÍMETRO ,,"WRENCH, TORQUE 75-0-75 IN LB 1/4 SQ DR",10.0,Nm,CMASM-IDM-T48-044,24496,MK-48,,09/16/24,09/18/24,10/16/24,10/02/24,30,04/02/27,CALIBRADO,,CMASM,,R$ 100.00,R$ 70.00,,MQT 129/2025,,
MEC,TORQUÍMETRO ,,"WRENCH, TORQUE 150-0-150 IN LB 3/8 SQ DR",15.0,Nm,CMASM-IDM-T48-045,39890,MK-48,MQT LT1.2026,12/15/25,12/15/25,01/23/26,01/05/26,15,04/05/27,CALIBRADO,213753/24,CMASM,,R$ 100.00,R$ 70.00,,MQT 129/2025,,
MEC,TORQUÍMETRO ,,"WRENCH, ROTARY TORQUE DRIVER 12-0-12 IN LB",2.0,Nm,CMASM-IDM-T48-046,8756,MK-48,,07/15/24,08/20/24,08/12/24,07/24/24,36,07/24/27,CALIBRADO,216994/24,CMASM,,R$ 100.00,R$ 70.00,,MQT 129/2025,,
MEC,TORQUÍMETRO ,,"WRENCH, TORQUE 50-0-50 IN LB 1/4 SQ DR",6.0,Nm,CMASM-IDM-T48-047,7157,MK-48,,07/15/24,08/20/24,08/12/24,07/24/24,36,07/24/27,CALIBRADO,215149/24,CMASM,,R$ 100.00,R$ 70.00,,MQT 129/2025,,
MEC,TORQUÍMETRO ,,"WRENCH, TORQUE PRESET 75 IN LB 1/4 HEX",10.0,Nm,CMASM-IDM-T48-048,,MK-48,,07/15/24,08/20/24,08/12/24,08/02/24,24,08/02/26,CALIBRADO,217108/24,CMASM,,R$ 100.00,R$ 70.00,,MQT 129/2025,,
MEC,TORQUÍMETRO ,,"WRENCH, TORQUE PRESET 250 IN LB",30.0,Nm,CMASM-IDM-T48-050,04111019,MK-48,,07/15/24,08/20/24,08/12/24,07/24/24,24,07/24/26,CALIBRADO,213814/24,CMASM,,R$ 100.00,R$ 70.00,,MQT 129/2025,,
MEC,TORQUÍMETRO ,,"WRENCH, TORQUE 300-0-300 IN LB 3/8 SQ DR",35.0,Nm,CMASM-IDM-T48-051,81013501,MK-48,,07/15/24,08/20/24,08/12/24,07/24/24,24,07/24/26,CALIBRADO,214017/24,CMASM,,R$ 100.00,R$ 70.00,,MQT 129/2025,,
MEC,TORQUÍMETRO ,,"WRENCH, TORQUE PRESET 30 IN LB 1/4 SQ DR",3.0,Nm,CMASM-IDM-T48-052,,MK-48,,09/16/24,09/18/24,10/16/24,10/02/24,24,10/02/26,CALIBRADO,,CMASM,,R$ 100.00,R$ 70.00,,MQT 129/2025,,
MEC,TORQUÍMETRO ,,"WRENCH, TORQUE PRESET 7-25 FT LB 3/16 HEX",35.0,Nm,CMASM-IDM-T48-057,0608506720,MK-48,,09/16/24,09/18/24,10/16/24,10/02/24,24,10/02/26,CALIBRADO,,CMASM,,R$ 100.00,R$ 70.00,,MQT 129/2025,,
MEC,TORQUÍMETRO ,,"WRENCH, TORQUE 300-0-300 IN LB 3/8 SQ DR",35.0,Nm,CMASM-IDM-T48-058,81006153,MK-48,,09/16/24,09/18/24,10/16/24,10/02/24,24,10/02/26,CALIBRADO,,CMASM,,R$ 100.00,R$ 70.00,,MQT 129/2025,,
MEC,TORQUÍMETRO ,,"WRENCH, TORQUE PRESET 75 IN LB 3/8 SQ DR CCW",10.0,Nm,CMASM-IDM-T48-060,702C,MK-48,MQT LT2 / 2026,07/15/24,08/20/24,08/12/24,07/25/24,18,01/25/26,DESCALIBRADO,215132/24,CMASM,,R$ 100.00,R$ 70.00,,MQT 129/2025,35,
MEC,TORQUÍMETRO ,,"WRENCH, TORQUE PRESET 75 IN LB 1/4 HEXBIT",10.0,Nm,CMASM-IDM-T48-061,702A,MK-48,,07/15/24,08/20/24,08/12/24,08/02/24,24,08/02/26,CALIBRADO,217141/24,CMASM,,R$ 100.00,R$ 70.00,,MQT 129/2025,,
MEC,TORQUÍMETRO ,,"WRENCH, TORQUE 75-0-75 IN LB 1/4 SQ DR",10.0,Nm,CMASM-IDM-T48-062,24486,MK-48,,09/16/24,09/18/24,10/16/24,10/02/24,30,04/02/27,CALIBRADO,,CMASM,,R$ 100.00,R$ 70.00,,MQT 129/2025,,
MEC,TORQUÍMETRO ,,"WRENCH, TORQUE 50-0-50 FT LB 3/8 SQ DR",70.0,Nm,CMASM-IDM-T48-063,11896,MK-48,,09/16/24,09/18/24,10/16/24,10/02/24,24,10/02/26,CALIBRADO,,CMASM,,R$ 100.00,R$ 70.00,,MQT 129/2025,,
MEC,TORQUÍMETRO ,,"WRENCH, TORQUE 150-0-150 IN LB 3/8 SQ DR",20.0,Nm,CMASM-IDM-T48-064,39889,MK-48,MQT LT1.2026,12/15/25,12/15/25,01/23/26,01/05/26,15,04/05/27,CALIBRADO,,CMASM,,R$ 100.00,R$ 70.00,,MQT 129/2025,,
MEC,TORQUÍMETRO ,,"WRENCH, TORQUE PRESET 140 IN LB",16.0,Nm,CMASM-IDM-T48-065,1509,MK-48,,07/15/24,08/20/24,08/12/24,07/24/24,24,07/24/26,CALIBRADO,213960/24,CMASM,,R$ 100.00,R$ 70.00,,MQT 129/2025,,
MEC,TORQUÍMETRO ,,"WRENCH, TORQUE 30-0-30 IN LB 1/4 SQ DR",4.0,Nm,CMASM-IDM-T48-066,13547,MK-48,,07/15/24,08/20/24,08/12/24,07/25/24,36,07/25/27,CALIBRADO,215115/24,CMASM,,R$ 100.00,R$ 70.00,,MQT 129/2025,,
MEC,TORQUÍMETRO ,,"WRENCH, TORQUE 30-0-30 IN LB 1/4 SQ DR",4.0,Nm,CMASM-IDM-T48-067,13555,MK-48,,07/15/24,08/20/24,08/12/24,07/24/24,36,07/24/27,CALIBRADO,216976/24,CMASM,,R$ 100.00,R$ 70.00,,MQT 129/2025,,
MEC,TORQUÍMETRO ,,"WRENCH, TORQUE 50-0-50 FT LB 3/8 SQ DR",70.0,Nm,CMASM-IDM-T48-068,11897,MK-48,,07/15/24,08/20/24,08/12/24,07/24/24,24,07/24/26,CALIBRADO,213878/24,CMASM,,R$ 100.00,R$ 70.00,,MQT 129/2025,,
MEC,TORQUÍMETRO ,,"WRENCH, TORQUE PRESET 75 IN LB 3/8 SQ DR",10.0,Nm,CMASM-IDM-T48-069,557-2,MK-48,,07/15/24,08/20/24,08/12/24,07/24/24,18,01/24/26,DESCALIBRADO,213768/24,CMASM,,R$ 100.00,R$ 70.00,,MQT 129/2025,,
MEC,TORQUÍMETRO ,,"WRENCH, TORQUE PRESET 85 IN LB",10.0,Nm,CMASM-IDM-T48-070,VB100T,MK-48,MQT LT1.2026,12/15/25,12/15/25,01/23/26,01/05/26,10,11/05/26,CALIBRADO,214960/24,CMASM,,R$ 100.00,R$ 70.00,,MQT 129/2025,,
MEC,TORQUÍMETRO ,,"WRENCH, ROTARY TORQUE DRIVER 12-0-12 IN LB",2.0,Nm,CMASM-IDM-T48-071,8757,MK-48,,09/16/24,09/18/24,10/16/24,10/02/24,36,10/02/27,CALIBRADO,,CMASM,,R$ 100.00,R$ 70.00,,MQT 129/2025,,
MEC,TORQUÍMETRO ,,TORQUE DRIVER 60-0-60  IN LB 1/4 SQ DR,10.0,Nm,CMASM-IDM-T48-072,6301,MK-48,,07/15/24,08/20/24,08/12/24,07/24/24,24,07/24/26,CALIBRADO,213852/24,CMASM,,R$ 100.00,R$ 70.00,,MQT 129/2025,,
MEC,TORQUÍMETRO ,,"WRENCH, TORQUE PRESET 10 IN LB (2T-1)",15.0,Nm,CMASM-IDM-T48-073,VB 2T-1,MK-48,MQT LT2 / 2026,07/15/24,08/20/24,08/12/24,07/25/24,18,01/25/26,DESCALIBRADO,Sem etiqueta/214946/24,CMASM,,R$ 100.00,R$ 70.00,,MQT 129/2025,35,
MEC,TORQUÍMETRO ,,"WRENCH, TORQUE 30-0-30 IN LB 1/4 SQ DR",4.0,Nm,CMASM-IDM-T48-074,13557,MK-48,,09/16/24,09/18/24,10/16/24,10/02/24,36,10/02/27,CALIBRADO,,CMASM,,R$ 100.00,R$ 70.00,,MQT 129/2025,,
MEC,TORQUÍMETRO ,,"WRENCH, TORQUE 150-0-150 IN LB 3/8 SQ DR",20.0,Nm,CMASM-IDM-T48-075,101704294,MK-48,,09/16/24,09/18/24,10/16/24,10/02/24,24,10/02/26,CALIBRADO,,CMASM,,R$ 100.00,R$ 70.00,,MQT 129/2025,,
MEC,TORQUÍMETRO ,,"WRENCH, TORQUE 600-0-600 IN LB 1/2 SQ DR",70.0,Nm,CMASM-IDM-T48-076,7104,MK-48,,07/15/24,08/20/24,08/12/24,07/24/24,30,01/24/27,CALIBRADO,215158/24,CMASM,,R$ 100.00,R$ 70.00,,MQT 129/2025,,
MEC,TORQUÍMETRO ,,"WRENCH, TORQUE PRESET 30 IN LB 1/4 SQ DR",4.0,Nm,CMASM-IDM-T48-077,BT-1 ,MK-48,,09/16/24,09/18/24,10/16/24,10/02/24,24,10/02/26,CALIBRADO,,CMASM,,R$ 100.00,R$ 70.00,,MQT 129/2025,,
MEC,TORQUÍMETRO ,,"WRENCH, TORQUE 600-0-600 IN LB 1/2 SQ DR",70.0,Nm,CMASM-IDM-T48-078,7143,MK-48,,09/24/24,09/24/24,10/16/24,10/02/24,30,04/02/27,CALIBRADO,,CMASM,,R$ 100.00,R$ 70.00,,MQT 129/2025,,
MEC,TORQUÍMETRO ,,"WRENCH, TORQUE PRESET 18 IN LB 1/4 SQ DR",2.5,Nm,CMASM-IDM-T48-080,BT-1B,MK-48,MQT LT1.2026,12/15/25,12/15/25,01/23/26,01/05/26,12,01/05/27,CALIBRADO,,CMASM,,R$ 100.00,R$ 70.00,,MQT 129/2025,,
MEC,TORQUÍMETRO ,,"WRENCH, TORQUE 50-0-50 FT LB 1/2 SQ DR",70.0,Nm,CMASM-IDM-T48-081,4127,MK-48,MQT LT1.2026,12/15/25,12/15/25,01/23/26,01/05/26,15,04/05/27,CALIBRADO,,CMASM,,R$ 100.00,R$ 70.00,,MQT 129/2025,,
MEC,TORQUÍMETRO ,,"WRENCH, TORQUE 600-0-600 IN LB 3/8 SQ DR TE50FUA",70.0,Nm,CMASM-IDM-T48-082,17185,MK-48,,07/15/24,08/20/24,08/12/24,07/24/24,24,07/24/26,CALIBRADO,213913/24,CMASM,,R$ 100.00,R$ 70.00,,MQT 129/2025,,
MEC,TORQUÍMETRO ,,"WRENCH, TORQUE 200-600 FT LB",820.0,Nm,CMASM-IDM-T48-083,1108101176,MK-48,,09/16/24,09/18/24,10/16/24,10/02/24,24,10/02/26,CALIBRADO,,CMASM,,R$ 100.00,R$ 70.00,,MQT 129/2025,,
MEC,TORQUÍMETRO ,,"WRENCH, TORQUE 300-0-300 IN LB 3/8 SQ DR",35.0,Nm,CMASM-IDM-T48-084,81006178,MK-48,,09/16/24,09/18/24,10/16/24,10/02/24,24,10/02/26,CALIBRADO,,CMASM,,R$ 100.00,R$ 70.00,,MQT 129/2025,,
MEC,TORQUÍMETRO ,,"WRENCH, TORQUE 75-0-75 IN LB 1/4 SQ DR",10.0,Nm,CMASM-IDM-T48-085,24491,MK-48,,09/16/24,09/18/24,10/16/24,10/02/24,30,04/02/27,CALIBRADO,,CMASM,,R$ 100.00,R$ 70.00,,MQT 129/2025,,
MEC,TORQUÍMETRO ,,"WRENCH, TORQUE 300-0-300 IN LB 3/8 SQ DR",35.0,Nm,CMASM-IDM-T48-086,81006152,MK-48,,10/13/24,10/15/24,11/11/24,11/06/24,24,11/06/26,CALIBRADO,,CMASM,,R$ 100.00,R$ 70.00,,MQT 129/2025,,
MEC,TORQUÍMETRO ,,"WRENCH, TORQUE 50-0-50 IN LB 1/4 SQ DR",6.0,Nm,CMASM-IDM-T48-087,7167,MK-48,,10/13/24,10/15/24,11/11/24,11/06/24,24,11/06/26,CALIBRADO,,CMASM,,R$ 100.00,R$ 70.00,,MQT 129/2025,,
MEC,TORQUÍMETRO ,,"WRENCH, TORQUE 100-0-100 FT LB 1/2 SQ DR",140.0,Nm,CMASM-IDM-T48-088,7943,MK-48,MQT LT1.2026,12/15/25,12/15/25,01/23/26,01/05/26,15,04/05/27,CALIBRADO,,CMASM,,R$ 100.00,R$ 70.00,,MQT 129/2025,,
MEC,TORQUÍMETRO ,,"WRENCH, TORQUE 30-0-30 IN LB 1/4 SQ DR",4.0,Nm,CMASM-IDM-T48-089,13552,MK-48,,09/16/24,09/18/24,10/16/24,10/02/24,36,10/02/27,CALIBRADO,,CMASM,,R$ 100.00,R$ 70.00,,MQT 129/2025,,
MEC,TORQUÍMETRO ,,"WRENCH, TORQUE 100-0-100 FT LB 1/2 SQ DR",140.0,Nm,CMASM-IDM-T48-09,7715,MK-48,,07/15/24,08/20/24,08/12/24,07/24/24,15,10/24/25,DESCALIBRADO,214012/24,CMASM,,R$ 100.00,R$ 70.00,,MQT 129/2025,,
MEC,TORQUÍMETRO ,,"WRENCH, TORQUE 300-0-300 IN LB 3/8 SQ DR",35.0,Nm,CMASM-IDM-T48-090,81006156,MK-48,,07/15/24,08/20/24,08/12/24,07/24/24,24,07/24/26,CALIBRADO,295848/24,CMASM,,R$ 100.00,R$ 70.00,,MQT 129/2025,,
MEC,TORQUÍMETRO ,,"WRENCH, TORQUE 300-0-300 IN LB 3/8 SQ DR",35.0,Nm,CMASM-IDM-T48-091,81013496,MK-48,,07/15/24,08/20/24,08/12/24,07/24/24,24,07/24/26,CALIBRADO,213868/24,CMASM,,R$ 100.00,R$ 70.00,,MQT 129/2025,,
MEC,TORQUÍMETRO ,,"WRENCH, TORQUE 150-0-150 IN LB 3/8 SQ DR",20.0,Nm,CMASM-IDM-T48-092,39723,MK-48,MQT LT1.2026,12/15/25,12/15/25,01/23/26,01/05/26,15,04/05/27,CALIBRADO,,CMASM,,R$ 100.00,R$ 70.00,,MQT 129/2025,,
MEC,TORQUÍMETRO ,,"WRENCH, TORQUE 250-0-250 FT LB 1/2 SQ DR TE250",340.0,Nm,CMASM-IDM-T48-093,19164,MK-48,MQT LT1.2026,12/15/25,12/15/25,01/23/26,01/05/26,30,07/05/28,CALIBRADO,NAO CALIBRAR EM 2024,CMASM,,R$ 100.00,R$ 70.00,,MQT 129/2025,,
MEC,TORQUÍMETRO ,,"WRENCH, TORQUE 50-0-50 FT LB 1/2 SQ DR",70.0,Nm,CMASM-IDM-T48-095,4126,MK-48,MQT LT1.2026,12/15/25,12/15/25,01/23/26,01/05/26,15,04/05/27,CALIBRADO,,CMASM,,R$ 100.00,R$ 70.00,,MQT 129/2025,,
MEC,TORQUÍMETRO ,,"WRENCH, TORQUE PRESET 50 IN LB 3/8 SQ DR",6.0,Nm,CMASM-IDM-T48-096,713,MK-48,MQT LT1.2026,12/15/25,12/15/25,01/23/26,01/05/26,18,07/05/27,CALIBRADO,215125/24,CMASM,,R$ 100.00,R$ 70.00,,MQT 129/2025,,
MEC,TORQUÍMETRO ,,"WRENCH, TORQUE 30-0-30 IN LB 1/4 SQ DR",4.0,Nm,CMASM-IDM-T48-097,13559,MK-48,,09/16/24,09/18/24,10/16/24,10/02/24,36,10/02/27,CALIBRADO,,CMASM,,R$ 100.00,R$ 70.00,,MQT 129/2025,,
MEC,TORQUÍMETRO ,,"WRENCH, TORQUE 600-0-600 IN LB 1/2 SQ DR",70.0,Nm,CMASM-IDM-T48-098,7100,MK-48,,09/16/24,09/18/24,10/16/24,10/02/24,30,04/02/27,CALIBRADO,,CMASM,,R$ 100.00,R$ 70.00,,MQT 129/2025,,
MEC,TORQUÍMETRO ,,"WRENCH, TORQUE PRESET 140 IN LB",16.0,Nm,CMASM-IDM-T48-099,1024,MK-48,,09/16/24,09/18/24,10/16/24,10/02/24,24,10/02/26,CALIBRADO,,CMASM,,R$ 100.00,R$ 70.00,,MQT 129/2025,,
MEC,TORQUÍMETRO ,,"WRENCH, TORQUE PRESET 150 IN LB",20.0,Nm,CMASM-IDM-T48-100,430,MK-48,,07/15/24,08/20/24,08/12/24,08/02/24,22,06/02/26,DESCALIBRADO,217079/24,CMASM,,R$ 100.00,R$ 70.00,,MQT 129/2025,,
MEC,TORQUÍMETRO ,,"WRENCH, TORQUE PRESET 150 IN LB",20.0,Nm,CMASM-IDM-T48-100A,07286,MK-48,,10/13/24,10/15/24,11/11/24,11/06/24,22,09/06/26,CALIBRADO,MSMI TORQ LOTE 03,CMASM,,R$ 100.00,R$ 70.00,,MQT 129/2025,,
MEC,TORQUÍMETRO ,,"WRENCH, TORQUE 15-0-15 IN LB 1/4 SQ DR",2.0,Nm,CMASM-IDM-T48-103,6267,MK-48,,09/16/24,09/18/24,10/16/24,10/02/24,36,10/02/27,CALIBRADO,,CMASM,,R$ 100.00,R$ 70.00,,MQT 129/2025,,
MEC,TORQUÍMETRO ,,"WRENCH, TORQUE 75-0-75 IN LB 1/4 SQ DR",10.0,Nm,CMASM-IDM-T48-104,24476,MK-48,MQT LT1.2026,12/15/25,12/15/25,01/23/26,01/05/26,30,07/05/28,CALIBRADO,NAO CALIBRAR EM 2024,CMASM,,R$ 100.00,R$ 70.00,,MQT 129/2025,,
MEC,TORQUÍMETRO ,,"WRENCH, TORQUE 75-0-75 IN LB 1/4 SQ DR",10.0,Nm,CMASM-IDM-T48-105,24477,MK-48,,09/16/24,09/18/24,10/16/24,10/02/24,30,04/02/27,CALIBRADO,,CMASM,,R$ 100.00,R$ 70.00,,MQT 129/2025,,
MEC,TORQUÍMETRO ,,"WRENCH, TORQUE 150-0-150 IN LB 3/8 SQ DR",15.0,Nm,CMASM-IDM-T48-106,39880,MK-48,MQT LT1.2026,12/15/25,12/15/25,01/23/26,01/05/26,15,04/05/27,CALIBRADO,213845/24,CMASM,,R$ 100.00,R$ 70.00,,MQT 129/2025,,
MEC,TORQUÍMETRO ,,"WRENCH, TORQUE 250-0-250 FT LB 1/2 SQ DR TE250",340.0,Nm,CMASM-IDM-T48-108,081123983,MK-48,,10/13/24,10/15/24,11/11/24,11/06/24,24,11/06/26,CALIBRADO,,CMASM,,R$ 100.00,R$ 70.00,,MQT 129/2025,,
MEC,TORQUÍMETRO ,,"WRENCH, TORQUE 15-0-15 IN LB 1/4 SQ DR",2.0,Nm,CMASM-IDM-T48-109,6265,MK-48,MQT LT1.2026,12/15/25,12/15/25,01/23/26,01/05/26,36,01/05/29,CALIBRADO,,CMASM,,R$ 100.00,R$ 70.00,,MQT 129/2025,,
MEC,TORQUÍMETRO ,,"WRENCH, TORQUE 300-0-300 IN LB 3/8 SQ DR",35.0,Nm,CMASM-IDM-T48-110,81013499,MK-48,,10/13/24,10/15/24,11/11/24,11/06/24,24,11/06/26,CALIBRADO,,CMASM,,R$ 100.00,R$ 70.00,,MQT 129/2025,,
MEC,TORQUÍMETRO ,,"WRENCH, TORQUE PRESET 50 IN LB 3/8 SQ DR",6.0,Nm,CMASM-IDM-T48-112,713,MK-48,MQT LT2 / 2026,09/16/24,09/18/24,10/16/24,10/02/24,18,04/02/26,DESCALIBRADO,,CMASM,,R$ 100.00,R$ 70.00,,MQT 129/2025,35,
MEC,TORQUÍMETRO ,,"WRENCH, TORQUE PRESET 18 IN LB 1/4 SQ DR",2.5,Nm,CMASM-IDM-T48-115,186,MK-48,,07/15/24,08/20/24,08/12/24,07/24/24,24,07/24/26,CALIBRADO,213785/24,CMASM,,R$ 100.00,R$ 70.00,,MQT 129/2025,,
MEC,TORQUÍMETRO ,,"WRENCH, TORQUE 300-0-300 IN LB 3/8 SQ DR",35.0,Nm,CMASM-IDM-T48-119,81013488,MK-48,,10/13/24,10/15/24,11/11/24,11/06/24,24,11/06/26,CALIBRADO,,CMASM,,R$ 100.00,R$ 70.00,,MQT 129/2025,,
MEC,TORQUÍMETRO ,,"WRENCH, TORQUE 30-0-30 IN LB 1/4 SQ DR",4.0,Nm,CMASM-IDM-T48-120,13558,MK-48,,09/24/24,09/24/24,10/16/24,10/02/24,36,10/02/27,CALIBRADO,,CMASM,,R$ 100.00,R$ 70.00,,MQT 129/2025,,
MEC,TORQUÍMETRO ,,"WRENCH, TORQUE PRESET 18 IN LB 1/4 SQ DR",2.5,Nm,CMASM-IDM-T48-122,BT-1B,MK-48,,10/13/24,10/15/24,11/11/24,11/06/24,24,11/06/26,CALIBRADO,,CMASM,,R$ 100.00,R$ 70.00,,MQT 129/2025,,
MEC,TORQUÍMETRO ,,"WRENCH, TORQUE 300-0-300 IN LB 3/8 SQ DR",35.0,Nm,CMASM-IDM-T48-123,81013494,MK-48,,10/13/24,10/15/24,11/11/24,11/06/24,24,11/06/26,CALIBRADO,,CMASM,,R$ 100.00,R$ 70.00,,MQT 129/2025,,
MEC,TORQUÍMETRO ,,"WRENCH, TORQUE 75-0-75 IN LB 1/4 SQ DR",10.0,Nm,CMASM-IDM-T48-124,24468,MK-48,,07/15/24,08/20/24,08/12/24,07/24/24,30,01/24/27,CALIBRADO,213991/24,CMASM,,R$ 100.00,R$ 70.00,,MQT 129/2025,,
MEC,TORQUÍMETRO ,,"WRENCH, TORQUE 30-0-30 IN LB 1/4 SQ DR",4.0,Nm,CMASM-IDM-T48-125,13551,MK-48,,09/16/24,09/18/24,10/16/24,10/02/24,36,10/02/27,CALIBRADO,,CMASM,,R$ 100.00,R$ 70.00,,MQT 129/2025,,
MEC,TORQUÍMETRO ,,"WRENCH, TORQUE 30-0-30 IN LB 1/4 SQ DR",4.0,Nm,CMASM-IDM-T48-126,13562,MK-48,,09/16/24,09/18/24,10/16/24,10/02/24,36,10/02/27,CALIBRADO,,CMASM,,R$ 100.00,R$ 70.00,,MQT 129/2025,,
MEC,TORQUÍMETRO ,,"WRENCH, TORQUE 30-0-30 IN LB 1/4 SQ DR",4.0,Nm,CMASM-IDM-T48-127,13553,MK-48,,09/24/24,09/24/24,10/16/24,10/02/24,36,10/02/27,CALIBRADO,,CMASM,,R$ 100.00,R$ 70.00,,MQT 129/2025,,
MEC,TORQUÍMETRO ,,"WRENCH, TORQUE PRESET 18 IN LB 1/4 SQ DR",2.5,Nm,CMASM-IDM-T48-128,,MK-48,,10/13/24,10/15/24,11/11/24,11/06/24,24,11/06/26,CALIBRADO,,CMASM,,R$ 100.00,R$ 70.00,,MQT 129/2025,,
MEC,TORQUÍMETRO ,,"WRENCH, TORQUE PRESET 30 IN LB 1/4 SQ DR",3.0,Nm,CMASM-IDM-T48-129,BT-1,MK-48,,07/15/24,08/20/24,08/12/24,07/24/24,24,07/24/26,CALIBRADO,213835/24,CMASM,,R$ 100.00,R$ 70.00,,MQT 129/2025,,
MEC,TORQUÍMETRO ,,"WRENCH, TORQUE PRESET 75 IN LB 1/4 HEXBIT",10.0,Nm,CMASM-IDM-T48-130,7549,MK-48,,09/16/24,09/18/24,10/16/24,10/02/24,24,10/02/26,CALIBRADO,,CMASM,,R$ 100.00,R$ 70.00,,MQT 129/2025,,
MEC,TORQUÍMETRO ,,"WRENCH, TORQUE 600-0-600 IN LB 1/2 SQ DR",70.0,Nm,CMASM-IDM-T48-131,4906,MK-48,MQT LT1.2026,12/15/25,12/15/25,01/23/26,01/05/26,30,07/05/28,CALIBRADO,NAO CALIBRAR EM 2024,CMASM,,R$ 100.00,R$ 70.00,,MQT 129/2025,,
MEC,TORQUÍMETRO ,,"WRENCH, TORQUE 300-0-300 IN LB 3/8 SQ DR",35.0,Nm,CMASM-IDM-T48-132,81013486,MK-48,,09/16/24,09/18/24,10/16/24,10/02/24,24,10/02/26,CALIBRADO,,CMASM,,R$ 100.00,R$ 70.00,,MQT 129/2025,,
MEC,TORQUÍMETRO ,,"WRENCH, TORQUE 75-0-75 IN LB 1/4 SQ DR",10.0,Nm,CMASM-IDM-T48-133,24488,MK-48,,07/15/24,08/20/24,08/12/24,07/24/24,30,01/24/27,CALIBRADO,216964/24,CMASM,,R$ 100.00,R$ 70.00,,MQT 129/2025,,
MEC,TORQUÍMETRO ,,"WRENCH, TORQUE 150-0-150 IN LB 3/8 SQ DR",20.0,Nm,CMASM-IDM-T48-134,39884,MK-48,MQT LT2 / 2026,09/16/24,09/18/24,10/16/24,10/02/24,15,01/02/26,DESCALIBRADO,,CMASM,,R$ 100.00,R$ 70.00,,MQT 129/2025,35,
MEC,TORQUÍMETRO ,,"WRENCH, TORQUE 300-0-300 IN LB 3/8 SQ DR",35.0,Nm,CMASM-IDM-T48-135,81013497,MK-48,,10/13/24,10/15/24,11/11/24,11/06/24,24,11/06/26,CALIBRADO,,CMASM,,R$ 100.00,R$ 70.00,,MQT 129/2025,,
MEC,TORQUÍMETRO ,,"WRENCH, TORQUE 30-0-30 IN LB 1/4 SQ DR",4.0,Nm,CMASM-IDM-T48-137,13560,MK-48,,09/16/24,09/18/24,10/16/24,10/02/24,36,10/02/27,CALIBRADO,,CMASM,,R$ 100.00,R$ 70.00,,MQT 129/2025,,
MEC,TORQUÍMETRO ,,"WRENCH, TORQUE 30-0-30 IN LB 1/4 SQ DR",4.0,Nm,CMASM-IDM-T48-142,13554,MK-48,,09/24/24,09/24/24,10/16/24,10/02/24,36,10/02/27,CALIBRADO,,CMASM,,R$ 100.00,R$ 70.00,,MQT 129/2025,,
MEC,TORQUÍMETRO ,,"WRENCH, TORQUE 75-0-75 IN LB 1/4 SQ DR",10.0,Nm,CMASM-IDM-T48-143,24492,MK-48,,09/16/24,09/18/24,10/16/24,10/02/24,30,04/02/27,CALIBRADO,,CMASM,,R$ 100.00,R$ 70.00,,MQT 129/2025,,
MEC,TORQUÍMETRO ,,"WRENCH, TORQUE PRESET 140 IN LB",16.0,Nm,CMASM-IDM-T48-144,1510,MK-48,,07/15/24,08/20/24,08/12/24,07/24/24,24,07/24/26,CALIBRADO,213793/24,CMASM,,R$ 100.00,R$ 70.00,,MQT 129/2025,,
MEC,TORQUÍMETRO ,,"WRENCH, TORQUE SPECIAL 200 IN LB 3/8 SQ DR",20.0,Nm,CMASM-IDM-T48-145,,MK-48,,07/15/24,08/20/24,08/12/24,07/25/24,24,07/25/26,CALIBRADO,214967/24,CMASM,,R$ 100.00,R$ 70.00,,MQT 129/2025,,
MEC,TORQUÍMETRO ,,"WRENCH, TORQUE PRESET 50 IN LB",6.0,Nm,CMASM-IDM-T48-146,9IE0043B,MK-48,MQT LT2 / 2026,07/15/24,08/20/24,08/12/24,07/25/24,18,01/25/26,DESCALIBRADO,214974/24,CMASM,,R$ 100.00,R$ 70.00,,MQT 129/2025,35,
MEC,TORQUÍMETRO ,,"WRENCH, TORQUE PRESET 75 IN LB 3/8 SQ DR",10.0,Nm,CMASM-IDM-T48-147,7584,MK-48,MQT LT2 / 2026,07/15/24,08/20/24,08/12/24,07/24/24,18,01/24/26,DESCALIBRADO,215167/24,CMASM,,R$ 100.00,R$ 70.00,,MQT 129/2025,35,
MEC,TORQUÍMETRO ,,"WRENCH, TORQUE 75-0-75 IN LB 1/4 SQ DR",10.0,Nm,CMASM-IDM-T48-149,24498,MK-48,,09/16/24,09/18/24,10/16/24,10/02/24,30,04/02/27,CALIBRADO,,CMASM,,R$ 100.00,R$ 70.00,,MQT 129/2025,,
MEC,TORQUÍMETRO ,,"WRENCH, TORQUE 150-0-150 IN LB 3/8 SQ DR",15.0,Nm,CMASM-IDM-T48-152,39881,MK-48,MQT LT1.2026,12/15/25,12/15/25,01/23/26,01/05/26,15,04/05/27,CALIBRADO,215044/24,CMASM,,R$ 100.00,R$ 70.00,,MQT 129/2025,,
MEC,TORQUÍMETRO ,,"WRENCH, TORQUE 300-0-300 IN LB 3/8 SQ DR",35.0,Nm,CMASM-IDM-T48-153,81013498,MK-48,,09/16/24,09/18/24,10/16/24,10/02/24,24,10/02/26,CALIBRADO,,CMASM,,R$ 100.00,R$ 70.00,,MQT 129/2025,,
MEC,TORQUÍMETRO ,,"WRENCH, TORQUE 30-0-30 IN LB 1/4 SQ DR",4.0,Nm,CMASM-IDM-T48-155,13550,MK-48,,09/16/24,09/18/24,10/16/24,10/02/24,36,10/02/27,CALIBRADO,,CMASM,,R$ 100.00,R$ 70.00,,MQT 129/2025,,
MEC,TORQUÍMETRO ,,"WRENCH, TORQUE 300-0-300 IN LB 3/8 SQ DR",35.0,Nm,CMASM-IDM-T48-160,81013495,MK-48,,09/16/24,09/18/24,10/16/24,10/02/24,24,10/02/26,CALIBRADO,,CMASM,,R$ 100.00,R$ 70.00,,MQT 129/2025,,
MEC,TORQUÍMETRO ,,"WRENCH, TORQUE 600-0-600 IN LB 3/8 SQ DR TE50FUA ",70.0,Nm,CMASM-IDM-T48-161,17173,MK-48,MQT LT1.2026,12/15/25,12/15/25,01/23/26,01/05/26,15,04/05/27,CALIBRADO,214931/24,CMASM,,R$ 100.00,R$ 70.00,,MQT 129/2025,,
MEC,TORQUÍMETRO ,,"WRENCH, TORQUE PRESET 17 IN LB",2.0,Nm,CMASM-IDM-T48-166,48-A1-01,MK-48,MQT LT1.2026,12/15/25,12/15/25,01/23/26,01/05/26,10,11/05/26,CALIBRADO,217131/24,CMASM,,R$ 100.00,R$ 70.00,,MQT 129/2025,,
MEC,TORQUÍMETRO ,,"WRENCH, TORQUE 75-0-75 IN LB 1/4 SQ DR",10.0,Nm,CMASM-IDM-T48-167,25072,MK-48,,09/16/24,09/18/24,10/16/24,10/02/24,30,04/02/27,CALIBRADO,,CMASM,,R$ 100.00,R$ 70.00,,MQT 129/2025,,
MEC,TORQUÍMETRO ,,"WRENCH, TORQUE PRESET 50 IN LB 1/4 SQ DR",6.0,Nm,CMASM-IDM-T48-169,10T,MK-48,MQT LT1.2026,12/15/25,12/15/25,01/23/26,01/05/26,18,07/05/27,CALIBRADO,214999/24,CMASM,,R$ 100.00,R$ 70.00,,MQT 129/2025,,
MEC,TORQUÍMETRO ,,"WRENCH, TORQUE PRESET 50 IN LB",6.0,Nm,CMASM-IDM-T48-172,04111375,MK-48,,07/15/24,08/20/24,08/12/24,07/25/24,24,07/25/26,CALIBRADO,214990/24,CMASM,,R$ 100.00,R$ 70.00,,MQT 129/2025,,
MEC,TORQUÍMETRO ,,"WRENCH, TORQUE PRESET 140 IN LB",16.0,Nm,CMASM-IDM-T48-173,02109461,MK-48,,10/13/24,10/15/24,11/11/24,11/06/24,24,11/06/26,CALIBRADO,,CMASM,,R$ 100.00,R$ 70.00,,MQT 129/2025,,
MEC,TORQUÍMETRO ,,"WRENCH, TORQUE SPECIAL 200 IN LB 3/8 SQ DR",20.0,Nm,CMASM-IDM-T48-174,04111016,MK-48,,10/13/24,10/15/24,11/11/24,11/06/24,24,11/06/26,CALIBRADO,,CMASM,,R$ 100.00,R$ 70.00,,MQT 129/2025,,
MEC,TORQUÍMETRO ,,"WRENCH, TORQUE PRESET 75 IN LB 1/4 HEXBIT",10.0,Nm,CMASM-IDM-T48-176,J-4,MK-48,,07/15/24,08/20/24,08/12/24,08/02/24,24,08/02/26,CALIBRADO,217065/24,CMASM,,R$ 100.00,R$ 70.00,,MQT 129/2025,,
MEC,TORQUÍMETRO ,,"WRENCH, TORQUE PRESET 200 IN LB 3/8 SQ DR",20.0,Nm,CMASM-IDM-T48-199,04111022,MK-48,,09/16/24,09/18/24,10/16/24,10/02/24,24,10/02/26,CALIBRADO,,CMASM,,R$ 100.00,R$ 70.00,,MQT 129/2025,,
MEC,TORQUÍMETRO ,,"WRENCH, TORQUE PRESET 100 IN LB 3/8 SQ DR",15.0,Nm,CMASM-IDM-T48-200,04111369,MK-48,,09/16/24,09/18/24,10/16/24,10/02/24,18,04/02/26,DESCALIBRADO,,CMASM,,R$ 100.00,R$ 70.00,,MQT 129/2025,,
MEC,TORQUÍMETRO ,,"WRENCH, TORQUE PRESET 50 IN LB 3/8 SQ DR",6.0,Nm,CMASM-IDM-T48-201,04111388,MK-48,,09/16/24,09/18/24,10/16/24,10/02/24,24,10/02/26,CALIBRADO,,CMASM,,R$ 100.00,R$ 70.00,,MQT 129/2025,,
MEC,TORQUÍMETRO ,,"WRENCH, TORQUE SPECIAL 200 IN LB 3/8 SQ DR",20.0,Nm,CMASM-IDM-T48-203,02109491,MK-48,,10/13/24,10/15/24,11/11/24,11/06/24,24,11/06/26,CALIBRADO,MSMI TORQ LOTE 03,CMASM,,R$ 100.00,R$ 70.00,,MQT 129/2025,,
MEC,TORQUÍMETRO ,,"WRENCH, TORQUE PRESET 100 IN LB 3/8 SQ DR",15.0,Nm,CMASM-IDM-T48-206,04111384,MK-48,LT2.MAI2026,07/15/24,08/20/24,08/12/24,07/24/24,18,01/24/26,DESCALIBRADO,213854/24,CMASM,,R$ 100.00,R$ 70.00,,MQT 129/2025,,
MEC,TORQUÍMETRO ,,"WRENCH, TORQUE PRESET 200 IN LB 3/8 SQ DR",20.0,Nm,CMASM-IDM-T48-207,02109457,MK-48,,07/15/24,08/20/24,08/12/24,07/25/24,24,07/25/26,CALIBRADO,214983/24,CMASM,MSMI TORQ LOTE 01,R$ 100.00,R$ 70.00,,MQT 129/2025,,
MEC,TORQUÍMETRO ,,"WRENCH, TORQUE PRESET 250 IN LB",20.0,Nm,CMASM-IDM-T48-209,RJE-11,MK-48,,07/15/24,08/20/24,08/12/24,07/24/24,24,07/24/26,CALIBRADO,215169/24,CMASM,MSMI TORQ LOTE 01,R$ 100.00,R$ 70.00,,MQT 129/2025,,
MEC,TORQUÍMETRO ,,"WRENCH, TORQUE PRESET 100 IN LB 3/8 SQ DR",15.0,Nm,CMASM-IDM-T48-210,04111372,MK-48,MQT LT2 / 2026,07/15/24,08/20/24,08/12/24,07/25/24,18,01/25/26,DESCALIBRADO,217027/24,CMASM,,R$ 100.00,R$ 70.00,,MQT 129/2025,35,
MEC,TORQUÍMETRO ,,"WRENCH, TORQUE PRESET 75 IN LB 3/8 SQ DR",10.0,Nm,CMASM-IDM-T48-211,04111394,MK-48,,07/15/24,08/20/24,08/12/24,07/25/24,18,01/25/26,DESCALIBRADO,215004/24,CMASM,MSMI TORQ LOTE 01,R$ 100.00,R$ 70.00,,MQT 129/2025,,
MEC,TORQUÍMETRO ,,"SCREWDRIVER, TORQUE 5 IN LB",0.5,Nm,CMASM-IDM-T48-212,5BJ008503,MK-48,MQT LT2 / 2026,07/15/24,08/20/24,08/12/24,07/25/24,9,04/25/25,DESCALIBRADO,214938/24,CMASM,,R$ 100.00,R$ 70.00,,MQT 129/2025,35,
MEC,TORQUÍMETRO ,,"WRENCH, TORQUE PRESET 75 IN LB 1/4 HEXBIT",10.0,Nm,CMASM-IDM-T48-215,7549,MK-48,,09/16/24,09/18/24,10/16/24,10/02/24,24,10/02/26,CALIBRADO,,CMASM,"MSMI TORQ LOTE 02
NAO CALIBRADO POIS NEC ADAPATADOR",R$ 100.00,R$ 70.00,,MQT 129/2025,,
MEC,TORQUÍMETRO ,,"WRENCH, TORQUE 200-600 FT LB",820.0,Nm,CMASM-IDM-T48-216,3802,MK-48,,07/15/24,08/20/24,08/12/24,07/25/24,24,07/25/26,CALIBRADO,217048/24,CMASM,MSMI TORQ LOTE 01,R$ 100.00,R$ 70.00,,MQT 129/2025,,
MEC,TORQUÍMETRO ,,"WRENCH, TORQUE PRESET 3-9  FT LB 3/8 SQ DR VB-10T-1",10.0,Nm,CMASM-IDM-T48-218,0109004063,MK-48,MQT LT2 / 2026,07/15/24,08/20/24,08/12/24,07/24/24,18,01/24/26,DESCALIBRADO,213805/24,CMASM,,R$ 100.00,R$ 70.00,,MQT 129/2025,35,
MEC,TORQUÍMETRO ,,"WRENCH, TORQUE PRESET 7-25  FT LB 3/16 SQ DR",35.0,Nm,CMASM-IDM-T48-221,6934601,MK-48,,07/15/24,08/20/24,08/12/24,08/02/24,24,08/02/26,CALIBRADO,217111/24,CMASM,MSMI TORQ LOTE 01,R$ 100.00,R$ 70.00,,MQT 129/2025,,
MEC,TORQUÍMETRO ,,"SCREWDRIVER, TORQUE 5 IN LB",0.5,Nm,CMASM-IDM-T48-222,BA73139,MK-48,,09/16/24,09/18/24,10/16/24,10/02/24,9,07/02/25,DESCALIBRADO,,CMASM,MSMI TORQ LOTE 02,R$ 100.00,R$ 70.00,,MQT 129/2025,,
MEC,TORQUÍMETRO ,,"WRENCH, TORQUE PRESET 200 IN LB 3/8 SQ DR",20.0,Nm,CMASM-IDM-T48-223,02109509,MK-48,,07/15/24,08/20/24,08/12/24,07/24/24,24,07/24/26,CALIBRADO,213825/24,CMASM,MSMI TORQ LOTE 01,R$ 100.00,R$ 70.00,,MQT 129/2025,,
MEC,TORQUÍMETRO ,,"WRENCH, TORQUE PRESET 26 IN LB 9/64 HEX",3.0,Nm,CMASM-IDM-T48-225,,MK-48,MQT LT2 / 2026,07/15/24,08/20/24,08/12/24,08/02/24,10,06/02/25,DESCALIBRADO,217083/24,CMASM,,R$ 100.00,R$ 70.00,,MQT 129/2025,35,
MEC,TORQUÍMETRO ,,"WRENCH, TORQUE PRESET 26 IN LB 9/64 HEX",3.0,Nm,CMASM-IDM-T48-226,,MK-48,MQT LT1.2026,12/15/25,12/15/25,01/23/26,01/05/26,10,11/05/26,CALIBRADO,214951/24,CMASM,,R$ 100.00,R$ 70.00,,MQT 129/2025,,
MEC,TORQUÍMETRO ,,"WRENCH, TORQUE 0-150 IN LB 3/8 SQ DR TE12FUA",15.0,Nm,CMASM-IDM-T48-280,13810C,MK-48,,10/13/24,10/15/24,11/11/24,11/06/24,24,11/06/26,CALIBRADO,,CMASM,MSMI TORQ LOTE 03,R$ 100.00,R$ 70.00,,MQT 129/2025,,
MEC,TORQUÍMETRO ,,"WRENCH, TORQUE PRESET 18 IN LB 1/4 SQ DR",2.5,Nm,CMASM-IDM-T48-282,BT-1B,MK-48,,09/16/24,09/18/24,10/16/24,10/02/24,24,10/02/26,CALIBRADO,,CMASM,MSMI TORQ LOTE 02,R$ 100.00,R$ 70.00,,MQT 129/2025,,
MEC,TORQUÍMETRO ,,"WRENCH, TORQUE PRESET 18 IN LB 1/4 SQ DR",2.5,Nm,CMASM-IDM-T48-298,53711-5168333-14,MK-48,,09/16/24,09/18/24,10/16/24,10/02/24,24,10/02/26,CALIBRADO,,CMASM,MSMI TORQ LOTE 02,R$ 100.00,R$ 70.00,,MQT 129/2025,,
MEC,TORQUÍMETRO ,,"WRENCH, TORQUE PRESET 18 IN LB 1/4 SQ DR",2.5,Nm,CMASM-IDM-T48-299,53711-5168333K4,MK-48,,09/16/24,09/18/24,10/16/24,10/02/24,24,10/02/26,CALIBRADO,,CMASM,MSMI TORQ LOTE 02,R$ 100.00,R$ 70.00,,MQT 129/2025,,
MEC,TORQUÍMETRO ,,"WRENCH, TORQUE PRESET 18 IN LB 1/4 SQ DR",2.5,Nm,CMASM-IDM-T48-300,53711-51683334,MK-48,,09/16/24,09/18/24,10/16/24,10/02/24,24,10/02/26,CALIBRADO,,CMASM,MSMI TORQ LOTE 02,R$ 100.00,R$ 70.00,,MQT 129/2025,,
MEC,TORQUÍMETRO ,,"WRENCH, TORQUE PRESET 18 IN LB 1/4 SQ DR",2.5,Nm,CMASM-IDM-T48-301,53711-5168333-4,MK-48,,09/16/24,09/18/24,10/16/24,10/02/24,24,10/02/26,CALIBRADO,,CMASM,MSMI TORQ LOTE 02,R$ 100.00,R$ 70.00,,MQT 129/2025,,
MEC,TORQUÍMETRO ,,"WRENCH, TORQUE 15-0-15 IN LB 1/4 SQ DR",2.0,Nm,CMASM-IDM-T48-351,6776,MK-48,,09/24/24,09/24/24,10/16/24,10/02/24,36,10/02/27,CALIBRADO,,CMASM,MSMI TORQ LOTE 02,R$ 100.00,R$ 70.00,,MQT 129/2025,,
MEC,TORQUÍMETRO ,,"WRENCH, TORQUE 75-0-75 IN LB 1/4 SQ DR",10.0,Nm,CMASM-IDM-T48-352,1302,MK-48,,09/16/24,09/18/24,,10/29/19,36,10/29/22,DESCALIBRADO,,CMASM,MSMI TORQ LOTE 02,R$ 100.00,R$ 70.00,,MQT 129/2025,,
MEC,TORQUÍMETRO ,,"WRENCH, TORQUE PRESET 18 IN LB 1/4 SQ DR",2.5,Nm,CMASM-IDM-T48-353,5168333-4,MK-48,,09/16/24,09/18/24,10/16/24,10/02/24,24,10/02/26,CALIBRADO,,CMASM,MSMI TORQ LOTE 02,R$ 100.00,R$ 70.00,,MQT 129/2025,,
MEC,TORQUÍMETRO ,,"SCREWDRIVER, TORQUE 5 IN LB",0.5,Nm,CMASM-IDM-T48-354,5MN100475,MK-48,MQT LT2 / 2026,07/15/24,08/20/24,08/12/24,07/24/24,9,04/24/25,DESCALIBRADO,217006/24,CMASM,,R$ 100.00,R$ 70.00,,MQT 129/2025,35,
MEC,VÁLVULA DE ALÍVIO,,VÁLVULA DE ALÍVIO DO RESERVATÓRIO DE BAIXA ,,,CMASM-IDM-T48-272,,MK-48,,08/23/24,18/092024,10/16/24,10/01/24,24,10/01/26,CALIBRADO,MQT31213/24,CMASM,,R$ 776.23,,,MQT 129/2025,,
MEC,VÁLVULA DE ALÍVIO,,VÁLVULA DE ALÍVIO DO RESERVATÓRIO DE ALTA ,,,CMASM-IDM-T48-273,074 / 09,MK-48,,08/23/24,18/092024,10/16/24,10/01/24,24,10/01/26,CALIBRADO,MQT31214/24,CMASM,,R$ 776.23,,,MQT 129/2025,,
,,,,,,CMASM-IDM-T48-205,,mk-48,MQT LT2 / 2026,,,,,,,,,,VRF REPROVADOS,,R$ 70.00,,,35,
MEC,TORQUÍMETRO ,GARANT,10-60 NM,60.0,Nm,MAN-EXO-MEC-002,19-0616228,PENGUIN,LT2.MAI2026,07/15/24,08/20/24,08/12/24,08/02/24,12,08/02/25,DESCALIBRADO,222135/24,CMASM,ENTREGUE ET 27MAI,R$ 100.00,R$ 70.00,,MQT 129/2025,,
MEC,TORQUÍMETRO ,WERA,8-60 NM 7000B,60.0,Nm,MAN-EXO-MEC-003,79108366887,PENGUIN,LT2.MAI2026,07/15/24,08/20/24,08/12/24,08/02/24,12,08/02/25,DESCALIBRADO,222141/24,CMASM,ENTREGUE ET 27MAI,R$ 100.00,R$ 70.00,,MQT 129/2025,,
MEC,TORQUÍMETRO ,WERA,"0,3-1,2 NM",1.2,Nm,MAN-EXO-MEC-004,7440074700,PENGUIN,LT2.MAI2026,07/15/24,08/20/24,08/12/24,08/02/24,12,08/02/25,DESCALIBRADO, 221098/24,CMASM,ENTREGUE ET 27MAI,R$ 100.00,R$ 70.00,,MQT 129/2025,,
MEC,TORQUÍMETRO ,WERA,"1,2-3 NM",3.0,Nm,MAN-EXO-MEC-005,7441074701,PENGUIN,LT2.MAI2026,07/15/24,08/20/24,08/12/24,08/02/24,12,08/02/25,DESCALIBRADO,221093/24,CMASM,ENTREGUE ET 27MAI,R$ 100.00,R$ 70.00,,MQT 129/2025,,
MEC,TORQUÍMETRO ,DRESSER,150 Nm,,Nm ,MAN-EXO-MEC-006,13081588-8,SEASKUA,LT2.MAI2026,07/15/24,08/20/24,08/12/24,08/02/24,12,08/02/25,DESCALIBRADO,SEM ETIQUETA/220323/24,CMASM,ENTREGUE ET 27MAI,R$ 100.00,R$ 70.00,,MQT 129/2025,,
MEC,TORQUÍMETRO ,SNAP-ON,45 – 265 Nm,265.0,Nm,MAN-EXO-MEC-007,130815713(CADBEM),SEASKUA,,07/15/24,08/20/24,08/12/24,08/02/24,12,08/02/25,DESCALIBRADO,222208/24,CMASM,,R$ 100.00,R$ 70.00,,MQT 129/2025,,
MEC,TORQUÍMETRO ,ACRATORK,452,,Nm,MAN-EXO-MEC-008,130815179(CADBEM),SEASKUA,,07/15/24,08/20/24,08/12/24,08/02/24,12,08/02/25,DESCALIBRADO,SEM ETIQUETA/222158/24,CMASM,,R$ 100.00,R$ 70.00,,MQT 129/2025,,
MEC,TORQUÍMETRO ,ACRATORK,NEK-94,,Nm,MAN-EXO-MEC-009,130815586(CADBEM),SEASKUA,,07/15/24,08/20/24,08/12/24,08/02/24,12,08/02/25,DESCALIBRADO,SEM ETIQUETA/222163/24,CMASM,,R$ 100.00,R$ 70.00,,MQT 129/2025,,
MEC,TORQUÍMETRO ,DRESSER,"0,2 – 1,8 Nm",1.8,Nm ,MAN-EXO-MEC-010,130815888(CADBEM),SEASKUA,,07/15/24,08/20/24,08/12/24,08/02/24,12,08/02/25,DESCALIBRADO,222154/24,CMASM,,R$ 100.00,R$ 70.00,,MQT 129/2025,,
MEC,TORQUÍMETRO ,SNAP-ON,45 – 265 Nm,265.0,Nm,MAN-EXO-MEC-012,130815748(CADBEM),SEASKUA,,07/15/24,,08/12/24,08/02/24,12,08/02/25,DESCALIBRADO,222175/24,CMASM,,R$ 100.00,R$ 70.00,,MQT 129/2025,,
